{"sections":{"banner":{"type":"main-collection-banner","settings":{"show_collection_description":false,"show_collection_image":false,"color_scheme":"background-2"}},"product-grid":{"type":"main-collection-product-grid","settings":{"products_per_page":16,"columns_desktop":3,"pagination_type":"pagination_page","image_ratio":"portrait","show_secondary_image":false,"show_vendor":false,"show_rating":true,"enable_quick_add":true,"enable_quick_view":true,"show_compare":true,"show_wishlist":true,"show_color_link":true,"show_countdown":true,"enable_filtering":true,"filter_type":"horizontal","enable_default_state_opened":true,"enable_sorting":true,"type_price_range":"only_slider","filter_by_type":true,"filter_by_availability":false,"filter_by_vendor":true,"filter_by_tag":false,"filter_by_color":true,"filter_by_size":true,"disable_count_filter_option":false,"columns_mobile":"2","padding_top":20,"padding_bottom":36}}},"order":["banner","product-grid"]}