{"sections":{"6492533a-9ed1-4828-a275-e6479417dc49":{"type":"slideshow","blocks":{"template--15842706555055__6492533a-9ed1-4828-a275-e6479417dc49-16764779592660d88a-0":{"type":"slide","settings":{"image":"shopify:\/\/shop_images\/slide_2.png","subtitle":"<strong>2024 COLLECTION<strong><\/strong><\/strong>","subtitle_color":"#222222","section_subtitle_scale":112,"title":"Where Every Bite is a Delight!","caption_size":"h1","title_color":"#222222","section_heading_scale":130,"text":"<p>Step into our world of sweetness, where every treat is a masterpiece, meticulously crafted with passion and expertise.<\/p>","text_color":"#222222","section_description_scale":129,"button_label":"DISCOVER NOW","link":"shopify:\/\/collections","banner_link":false,"btn_bg_color":"#ffffff","btn_border_color":"#ffffff","btn_text_color":"#222222","btn_bg_color_hover":"#ffffff","btn_border_color_hover":"#222222","btn_text_color_hover":"#222222","zmz_btn_size":"zmz-btn-lg","box_align":"middle-left","show_text_box":true,"banner_box_width":60.5,"text_box_opacity":0,"text_alignment":"left","image_overlay_opacity":0,"color_scheme":"background-1","text_alignment_mobile":"left","margin_title":3,"margin_subtitle":0,"margin_text":0,"margin_btn":3}},"template--15842706555055__6492533a-9ed1-4828-a275-e6479417dc49-16764779592660d88a-1":{"type":"slide","settings":{"image":"shopify:\/\/shop_images\/slide_1.png","subtitle":"<strong>2024 COLLECTION<strong><\/strong><\/strong>","subtitle_color":"#222222","section_subtitle_scale":112,"title":"New Arrivals","caption_size":"h1","title_color":"#222222","section_heading_scale":130,"text":"<p>Our shop exudes warmth and charm, inviting you to explore a world of colors and aromas.<\/p>","text_color":"#222222","section_description_scale":129,"button_label":"DISCOVER NOW","link":"shopify:\/\/collections\/chocolate","banner_link":true,"btn_bg_color":"#ffffff","btn_border_color":"#ffffff","btn_text_color":"#222222","btn_bg_color_hover":"#ffffff","btn_border_color_hover":"#222222","btn_text_color_hover":"#222222","zmz_btn_size":"zmz-btn-lg","box_align":"middle-left","show_text_box":true,"banner_box_width":57.5,"text_box_opacity":0,"text_alignment":"left","image_overlay_opacity":0,"color_scheme":"background-1","text_alignment_mobile":"left","margin_title":3,"margin_subtitle":0,"margin_text":0,"margin_btn":3}},"936a93db-751a-4dc9-8fba-fa7c88f8ae9c":{"type":"slide","settings":{"image":"shopify:\/\/shop_images\/slide_3.png","subtitle":"<strong>NEW!<\/strong>","subtitle_color":"#222222","section_subtitle_scale":112,"title":"Sweetness Crafted with Love.","caption_size":"h1","title_color":"#222222","section_heading_scale":130,"text":"","text_color":"#000000","section_description_scale":129,"button_label":"DISCOVER NOW","link":"shopify:\/\/collections\/bars","banner_link":false,"btn_bg_color":"#ffffff","btn_border_color":"#ffffff","btn_text_color":"#222222","btn_bg_color_hover":"#ffffff","btn_border_color_hover":"#222222","btn_text_color_hover":"#222222","zmz_btn_size":"zmz-btn-lg","box_align":"middle-left","show_text_box":true,"banner_box_width":58.5,"text_box_opacity":0,"text_alignment":"left","image_overlay_opacity":0,"color_scheme":"background-1","text_alignment_mobile":"left","margin_title":3,"margin_subtitle":0,"margin_text":0,"margin_btn":3}}},"block_order":["template--15842706555055__6492533a-9ed1-4828-a275-e6479417dc49-16764779592660d88a-0","template--15842706555055__6492533a-9ed1-4828-a275-e6479417dc49-16764779592660d88a-1","936a93db-751a-4dc9-8fba-fa7c88f8ae9c"],"settings":{"layout":"full_bleed","slide_height":"adapt_image","slider_visual":"dots","auto_rotate":true,"change_slides_speed":7,"show_text_below":false,"accessibility_info":"Slideshow about our brand"}},"6b7ee598-0588-49e6-ab86-237e27de698f":{"type":"zmz-testimonials","blocks":{"template--15431777058904__6b7ee598-0588-49e6-ab86-237e27de698f-column-1":{"type":"column","settings":{"star":"none","starColor":"#ffdb1e","customHtml":"","title":"SWEETNESS CRAFTED WITH LOVE.","section_heading_scale":100,"text":"<p>Our shop exudes warmth and charm, inviting you to explore a world of colors and aromas.<\/p>","section_description_scale":149,"author":"","bg_border_img_color":"rgba(0,0,0,0)","image_padding":0,"info_padding_top":1.5,"info_padding_bottom":1.5,"link_label":"DISCOVER NOW","link":"shopify:\/\/collections","customText":"","style_type":"1"}}},"block_order":["template--15431777058904__6b7ee598-0588-49e6-ab86-237e27de698f-column-1"],"settings":{"box_type":"box","section_width":1200,"section_fluid_width":1880,"title":"","section_heading_scale":100,"subtitle":"","section_subtitle_scale":100,"description":"","section_description_scale":100,"heading_alignment":"center","inverted":false,"image_width":"full","image_ratio":"adapt","columns_desktop":1,"spacing_grid_horizontal":15,"column_alignment":"center","off_carousel_counter":false,"nav_style_type":"type_1","enable_desktop_slider":false,"caption_full_width":false,"background_style":"primary","button_label":"","button_link":"","color_scheme":"scheme-f2a9b0b0-07c3-48e2-9821-2b2cc85489ee","customColor":false,"bg_color":"","container_color_scheme":"scheme-f2a9b0b0-07c3-48e2-9821-2b2cc85489ee","section_custom_color":false,"bg_section_color":"","bg_color_opacity":0.1,"columns_mobile":"1","swipe_on_mobile":false,"desktop_section_padding":"3rem 3rem 3rem 3rem","desktopContainerPadding":"2rem 2rem 2rem 2rem","mobile_section_padding":"1rem 1rem 1rem 1rem","mobileContainerPadding":"1rem 1rem 1rem 1rem"}},"a5e17c06-95d5-48de-bc3f-688bde2b42ae":{"type":"zmz-collection-list","blocks":{"template--15431777058904__a5e17c06-95d5-48de-bc3f-688bde2b42ae-featured_collection-1":{"type":"featured_collection","settings":{"collection":"chocolate"}},"9e265c6d-7eb2-47c5-8b90-227a83037079":{"type":"featured_collection","settings":{"collection":"baked-goods"}},"73d08147-678f-460a-82bf-3bcef4189f28":{"type":"featured_collection","settings":{"collection":"candies"}}},"block_order":["template--15431777058904__a5e17c06-95d5-48de-bc3f-688bde2b42ae-featured_collection-1","9e265c6d-7eb2-47c5-8b90-227a83037079","73d08147-678f-460a-82bf-3bcef4189f28"],"settings":{"page_width":1230,"use_section_width":true,"title":"","heading_size":"h1","image_ratio":"adapt","columns_desktop":3,"enable_desktop_slider":false,"spacing_grid_horizontal":15,"nav_style_type":"type_1","off_carousel_counter":false,"color_scheme":"","contentHorizontal":"center","banner_style":"standard","v_cpos":"flex-start","useButton":true,"btn_bg_color":"#ffeaf1","btn_border_color":"#222222","btn_text_color":"#212121","btn_bg_color_hover":"#222222","btn_border_color_hover":"#222222","btn_text_color_hover":"#ffffff","buttom_full_width":true,"show_view_all":false,"collection_card_style":"standard","collection_card_image_padding":0,"collection_card_color_scheme":"","collection_card_border_thickness":0,"collection_card_border_opacity":0,"collection_card_corner_radius":0,"border_color":"","collection_card_shadow_opacity":10,"collection_card_shadow_horizontal_offset":0,"collection_card_shadow_vertical_offset":0,"collection_card_shadow_blur":0,"columns_mobile":"1","swipe_on_mobile":false,"padding_top":36,"padding_bottom":36}},"71323c44-ad3c-4be5-9b21-0fa24969f164":{"type":"index-divider","settings":{"section_view":"container","type_value":"px","padding_top":25,"padding_bottom":25,"padding_top_vw":1.5,"padding_bottom_vw":1.5,"margin_top":0,"margin_bottom":0,"background_color":"","tablet_padding_top":20,"tablet_padding_bottom":20,"tablet_margin_top":0,"tablet_margin_bottom":0}},"e7ecbdc4-fa0a-4f7d-a660-b59ae8b070a1":{"type":"zmz-banners","blocks":{"template--15431777058904__e7ecbdc4-fa0a-4f7d-a660-b59ae8b070a1-banner-1":{"type":"banner","settings":{"image":"shopify:\/\/shop_images\/Rectangle_38.jpg","image_width":"full","image_ratio":"adapt","image_overlay_opacity":0,"banner_style":"overlay","contentHorizontal":"contentRight","reverse_cpos":"column","columns_desktop":"1","link_type_banner":false,"caption_max_width":false,"text_alignment":"center","v_cpos":"center","background_style":"none","bg_custom_color":"","bg_color_opacity":1,"subtitle":"BEST DESSERTS","subtitle_color":"#222222","section_subtitle_scale":105,"title":"Life is Short, Eat Dessert First!","caption_size":"h1","title_color":"#222222","section_heading_scale":130,"text":"<p>From Our Kitchen to Your Happiness!<\/p>","text_color":"#222222","section_description_scale":100,"code":"","card_padding":"0rem 0rem 0rem 0rem","caption_padding":"0rem 3rem 0rem 0rem","margin_title":2,"margin_subtitle":2,"margin_text":2,"margin_btn":3,"link_label":"DISCOVER NOW","link":"shopify:\/\/collections\/all","useButton":true,"btn_bg_color":"#ffffff","btn_border_color":"#ffffff","btn_text_color":"#212121","btn_bg_color_hover":"#ffffff","btn_border_color_hover":"#222222","btn_text_color_hover":"#212121","zmz_btn_size":"zmz-btn-md","custom_class":"","text_alignment_mobile":"center","mobile_image_ratio":"portrait","off_overlay_mobile":false,"caption_mobile_padding":"1rem 1rem 1rem 1rem","mob_margin_title":2,"mob_margin_subtitle":2,"mob_margin_text":2,"mob_margin_btn":2}}},"block_order":["template--15431777058904__e7ecbdc4-fa0a-4f7d-a660-b59ae8b070a1-banner-1"],"settings":{"box_type":"box","section_width":1200,"section_fluid_width":1880,"title":"","section_heading_scale":100,"subtitle":"","section_subtitle_scale":100,"description":"","section_description_scale":100,"heading_alignment":"center","spacing_grid_horizontal":15,"inverted":false,"button_label":"","button_link":"","color_scheme":"","customColor":false,"bg_color":"","container_color_scheme":"","section_custom_color":false,"bg_section_color":"","bg_color_opacity":1,"desktop_section_padding":"0rem 0rem 0rem 0rem","desktopContainerPadding":"1rem 1rem 1rem 1rem","columns_mobile":"1","swipe_on_mobile":false,"mobile_section_padding":"0rem 0rem 0rem 0rem","mobileContainerPadding":"1rem 1rem 1rem 1rem"}},"b9d11df3-6a52-42df-8e6c-700da8efb157":{"type":"index-divider","settings":{"section_view":"container","type_value":"px","padding_top":32,"padding_bottom":30,"padding_top_vw":1.5,"padding_bottom_vw":1.5,"margin_top":0,"margin_bottom":0,"background_color":"","tablet_padding_top":20,"tablet_padding_bottom":20,"tablet_margin_top":0,"tablet_margin_bottom":0}},"316bb4b1-1f69-4b63-87b3-316ca6149100":{"type":"zmz-featured-collection","blocks":{"925afbf2-915f-442a-87a5-d3a0cb2d2bf2":{"type":"collection_tab","settings":{"block_collection_title":"","block_title":"","collection":"sweet-box","card_design":"design-4","card_text_alignment":"left","image_ratio":"adapt","image_padding":2,"bg_wrap_img_color":"","bg_border_img_color":"#ededed","show_secondary_image":false,"badge_card_toggle":true,"show_vendor":false,"show_rating":false,"enable_quick_add":true,"enable_quick_view":true,"show_compare":true,"show_wishlist":true,"show_color_link":false,"show_countdown":false}}},"block_order":["925afbf2-915f-442a-87a5-d3a0cb2d2bf2"],"settings":{"box_type":"box","section_width":1200,"section_fluid_width":1880,"title":"Best sellers","section_heading_scale":100,"subtitle":"","section_subtitle_scale":100,"description":"Top sale in this week","customInfo":"","section_description_scale":100,"description_style":"body","heading_alignment":"center","inverted":false,"products_to_show":6,"columns_desktop":4,"spacing_grid_horizontal":30,"full_width":true,"show_view_all":false,"view_all_btn_text":"View all","view_all_style":"solid","use_tabs":false,"enable_desktop_slider":true,"carousel_control_type":"navigation","design_type":"type_1","color_scheme":"background-1","customColor":false,"bg_color":"","container_color_scheme":"inverse","section_custom_color":false,"bg_section_color":"","bg_color_opacity":0,"columns_mobile":"2","swipe_on_mobile":false,"desktop_section_padding":"3rem 0rem 3rem 0rem","desktopContainerPadding":"0rem 1.5rem 0rem 1.5rem","mobile_section_padding":"1rem 0rem 1rem 0rem","mobileContainerPadding":"1rem 1rem 1rem 1rem"}},"a1fc62f3-4412-41f1-b24e-474f67baa395":{"type":"zmz-lookbook-product","blocks":{"template--16053309833399__a1fc62f3-4412-41f1-b24e-474f67baa395-slide-1":{"type":"slide","settings":{"image":"shopify:\/\/shop_images\/lookbook.png","image_ratio":"adapt","product-1":"biscuiterie-jules-destrooper-almond-thins","position_top1":25,"position_left1":16,"product-2":"hattie-blythe_s-heart-of-gold-chocolate-hearts","position_top2":43,"position_left2":32,"product-3":"cola-cubes","position_top3":67,"position_left3":18,"product-4":"confiserie-afchain-betises-from-cambrai","position_top4":46,"position_left4":54}}},"block_order":["template--16053309833399__a1fc62f3-4412-41f1-b24e-474f67baa395-slide-1"],"settings":{"box_type":"full_width","section_width":1200,"section_fluid_width":1880,"heading":"","heading_size":"h1","style_text_align":"center","popup_product_style":"list","columns_desktop":1,"enable_desktop_slider":false,"enable_tablet_slider":false,"enable_mobile_slider":false,"show_product_list":true,"nav_style_type":"type_1","textalign_pos":"left","caption_padding":"0rem 0rem 0rem 1rem","color_scheme":"background-1","padding_top":36,"padding_bottom":80,"caption_padding_mobile":"0rem 1rem 0rem 1rem"}},"49ea4696-2d38-4425-9887-366ac4ad672b":{"type":"zmz-testimonials","blocks":{"template--15431777058904__49ea4696-2d38-4425-9887-366ac4ad672b-column-1":{"type":"column","settings":{"star":"5","starColor":"#212121","customHtml":"","title":"","section_heading_scale":100,"text":"<p>“Super, cute, comfortable. You can wear them with just about anything!”<\/p>","section_description_scale":150,"author":"Jenny Wilson","bg_border_img_color":"rgba(0,0,0,0)","image_padding":0,"info_padding_top":0,"info_padding_bottom":4.5,"link_label":"","link":"","customText":"","style_type":"1"}},"1c8cc875-9b1b-43ca-ab73-c7828c30d743":{"type":"column","settings":{"star":"5","starColor":"#212121","customHtml":"","title":"","section_heading_scale":100,"text":"<p>“I can always rely on them to deliver on time. Highly recommended!”<\/p>","section_description_scale":150,"author":"Den Brown","bg_border_img_color":"rgba(0,0,0,0)","image_padding":0,"info_padding_top":0,"info_padding_bottom":4.5,"link_label":"","link":"","customText":"","style_type":"1"}},"712c5e59-5f4e-4855-a54d-e11e6d9276cd":{"type":"column","settings":{"star":"5","starColor":"#212121","customHtml":"","title":"","section_heading_scale":100,"text":"<p>“Duis aute irure dolor in reprehenderit  cillum dolore eu fugiat nulla pariatur”<\/p>","section_description_scale":150,"author":"Samanta Paul","bg_border_img_color":"rgba(0,0,0,0)","image_padding":0,"info_padding_top":0,"info_padding_bottom":4.5,"link_label":"","link":"","customText":"","style_type":"1"}}},"block_order":["template--15431777058904__49ea4696-2d38-4425-9887-366ac4ad672b-column-1","1c8cc875-9b1b-43ca-ab73-c7828c30d743","712c5e59-5f4e-4855-a54d-e11e6d9276cd"],"settings":{"box_type":"box","section_width":800,"section_fluid_width":1000,"title":"Happy customers","section_heading_scale":100,"subtitle":"","section_subtitle_scale":100,"description":"","section_description_scale":100,"heading_alignment":"center","inverted":false,"image_width":"full","image_ratio":"adapt","columns_desktop":1,"spacing_grid_horizontal":0,"column_alignment":"center","off_carousel_counter":false,"nav_style_type":"type_1","enable_desktop_slider":true,"caption_full_width":false,"background_style":"primary","button_label":"","button_link":"","color_scheme":"background-2","customColor":false,"bg_color":"#f4f4f4","container_color_scheme":"","section_custom_color":true,"bg_section_color":"#f4f4f4","bg_color_opacity":0.1,"columns_mobile":"1","swipe_on_mobile":true,"desktop_section_padding":"8rem 3rem 8rem 3rem","desktopContainerPadding":"2rem 2rem 2rem 2rem","mobile_section_padding":"1rem 1rem 1rem 1rem","mobileContainerPadding":"1rem 1rem 1rem 1rem"}},"1ec5134c-563d-4946-8bef-4cf776b06dbc":{"type":"zmz-blog-post","settings":{"box_type":"box","section_width":1200,"section_fluid_width":1880,"heading":"Fresh news from our blog","heading_size":"h2","style_text_align":"flex-start","blog":"blog","post_limit":3,"columns_desktop":3,"enable_desktop_slider":false,"post_layout":"grid","textalign_pos":"left","caption_vertical_alignment":"middle","caption_padding":"0rem 1rem 0rem 1rem","show_image":true,"show_date":true,"show_author":false,"show_comments":true,"blog_show_tags":true,"blog_show_btn":false,"desc_none":false,"btn_style":"blog__button button","show_view_all":true,"color_scheme":"","padding_top":100,"padding_bottom":36,"caption_padding_mobile":"0rem 1rem 0rem 1rem"}},"73b854bc-b357-45c9-ae60-891ecec54c98":{"type":"zmz-icon-text","blocks":{"template--16053309833399__73b854bc-b357-45c9-ae60-891ecec54c98-column-1":{"type":"column","settings":{"image_ratio":"adapt","image_width":4,"icon-layout":"vertical","icon_1":"truck","svgColor":"#121212","customHtml":"","title":"Free delivery","title_color":"#222222","section_heading_scale":69,"text":"<p>Free shipping for all orders<\/p>","text_color":"#7b7b7b","section_description_scale":117,"bg_border_img_color":"rgba(0,0,0,0)","image_padding":0,"info_padding":"1.5rem 1rem 1rem 0rem","link_label":"","link":"","info_padding_mob":"1rem 1rem 1rem 1rem"}},"template--16053309833399__73b854bc-b357-45c9-ae60-891ecec54c98-column-2":{"type":"column","settings":{"image_ratio":"adapt","image_width":4,"icon-layout":"vertical","icon_1":"wallet","svgColor":"#121212","customHtml":"","title":"100% Payment Secure","title_color":"#222222","section_heading_scale":69,"text":"<p>Payment 100% secured<\/p>","text_color":"#7b7b7b","section_description_scale":117,"bg_border_img_color":"rgba(0,0,0,0)","image_padding":0,"info_padding":"1.5rem 1rem 1rem 0rem","link_label":"","link":"","info_padding_mob":"1rem 1rem 1rem 1rem"}},"template--16053309833399__73b854bc-b357-45c9-ae60-891ecec54c98-column-3":{"type":"column","settings":{"image_ratio":"adapt","image_width":4,"icon-layout":"vertical","icon_1":"rotate_left","svgColor":"#121212","customHtml":"","title":"14 Days Return","title_color":"#222222","section_heading_scale":69,"text":"<p>You have 14 days to return<\/p>","text_color":"#7b7b7b","section_description_scale":117,"bg_border_img_color":"rgba(0,0,0,0)","image_padding":0,"info_padding":"1.5rem 1rem 1rem 0rem","link_label":"","link":"","info_padding_mob":"1rem 1rem 1rem 1rem"}},"98529384-06e8-4028-ae2b-21f40201df56":{"type":"column","settings":{"image_ratio":"adapt","image_width":4,"icon-layout":"vertical","icon_1":"support","svgColor":"#121212","customHtml":"","title":"Support 24\/7","title_color":"#222222","section_heading_scale":69,"text":"<p>We support 24 hours a day<\/p>","text_color":"#7b7b7b","section_description_scale":100,"bg_border_img_color":"rgba(0,0,0,0)","image_padding":0,"info_padding":"1.5rem 1rem 1rem 0rem","link_label":"","link":"","info_padding_mob":"1rem 1rem 1rem 1rem"}}},"block_order":["template--16053309833399__73b854bc-b357-45c9-ae60-891ecec54c98-column-1","template--16053309833399__73b854bc-b357-45c9-ae60-891ecec54c98-column-2","template--16053309833399__73b854bc-b357-45c9-ae60-891ecec54c98-column-3","98529384-06e8-4028-ae2b-21f40201df56"],"settings":{"box_type":"box","section_width":1200,"section_fluid_width":1880,"title":"","section_heading_scale":100,"subtitle":"","section_subtitle_scale":100,"description":"","section_description_scale":100,"heading_alignment":"center","inverted":false,"columns_desktop":4,"spacing_grid_horizontal":15,"column_alignment":"left","image_vertical_alignment":"middle","off_carousel_counter":false,"nav_style_type":"type_1","enable_desktop_slider":false,"caption_full_width":false,"background_style":"primary","button_label":"","button_link":"","color_scheme":"","customColor":false,"bg_color":"","container_color_scheme":"","section_custom_color":false,"bg_section_color":"","bg_color_opacity":0.1,"columns_mobile":"1","swipe_on_mobile":false,"desktop_section_padding":"3rem 3rem 2rem 3rem","desktopContainerPadding":"2rem 1.5rem 2rem 1.5rem","mobile_section_padding":"1rem 1rem 1rem 1rem","mobileContainerPadding":"1rem 1rem 1rem 1rem"}},"bd48f375-b628-4158-8f6a-ae70308330f6":{"type":"index-divider","settings":{"section_view":"container","type_value":"px","padding_top":1,"padding_bottom":0,"padding_top_vw":0,"padding_bottom_vw":0,"margin_top":0,"margin_bottom":0,"background_color":"#e1e2e4","tablet_padding_top":1,"tablet_padding_bottom":0,"tablet_margin_top":0,"tablet_margin_bottom":0}}},"order":["6492533a-9ed1-4828-a275-e6479417dc49","6b7ee598-0588-49e6-ab86-237e27de698f","a5e17c06-95d5-48de-bc3f-688bde2b42ae","71323c44-ad3c-4be5-9b21-0fa24969f164","e7ecbdc4-fa0a-4f7d-a660-b59ae8b070a1","b9d11df3-6a52-42df-8e6c-700da8efb157","316bb4b1-1f69-4b63-87b3-316ca6149100","a1fc62f3-4412-41f1-b24e-474f67baa395","49ea4696-2d38-4425-9887-366ac4ad672b","1ec5134c-563d-4946-8bef-4cf776b06dbc","73b854bc-b357-45c9-ae60-891ecec54c98","bd48f375-b628-4158-8f6a-ae70308330f6"]}