{"sections":{"main":{"type":"main-page","disabled":true,"settings":{"padding_top":36,"padding_bottom":36}},"2af431c3-f7b7-407e-8eef-50dcfbf64ff5":{"type":"zmz-banners","blocks":{"template--14894060929066__2af431c3-f7b7-407e-8eef-50dcfbf64ff5-16768315582cb05beb-0":{"type":"banner","settings":{"image":"shopify:\/\/shop_images\/Rectangle_35.png","image_width":"full","image_ratio":"adapt","image_overlay_opacity":0,"banner_style":"overlay","contentHorizontal":"contentLeft","reverse_cpos":"column","columns_desktop":"2","link_type_banner":false,"caption_max_width":false,"text_alignment":"left","v_cpos":"flex-start","background_style":"none","bg_custom_color":"","bg_color_opacity":0.1,"subtitle":"","subtitle_color":"#222222","section_subtitle_scale":100,"title":"","caption_size":"h1","title_color":"#222222","section_heading_scale":100,"text":"","text_color":"#222222","section_description_scale":100,"code":"","card_padding":"0rem 0rem 0rem 0rem","caption_padding":"0rem 0rem 0rem 0rem","margin_title":2,"margin_subtitle":2,"margin_text":2,"margin_btn":10,"link_label":"","link":"","useButton":false,"btn_bg_color":"#222222","btn_border_color":"#222222","btn_text_color":"#ffffff","btn_bg_color_hover":"#222222","btn_border_color_hover":"#222222","btn_text_color_hover":"#ffffff","zmz_btn_size":"zmz-btn-md","custom_class":"","text_alignment_mobile":"center","mobile_image_ratio":"adapt","off_overlay_mobile":false,"caption_mobile_padding":"1rem 1rem 1rem 1rem","mob_margin_title":2,"mob_margin_subtitle":2,"mob_margin_text":2,"mob_margin_btn":2}},"ef7751c5-298e-4cbd-b920-57e361e9103e":{"type":"banner","settings":{"image":"shopify:\/\/shop_images\/Rectangle_35_2.png","image_width":"full","image_ratio":"adapt","image_overlay_opacity":0,"banner_style":"standard","contentHorizontal":"contentLeft","reverse_cpos":"column","columns_desktop":"2","link_type_banner":false,"caption_max_width":false,"text_alignment":"left","v_cpos":"flex-start","background_style":"none","bg_custom_color":"","bg_color_opacity":1,"subtitle":"","subtitle_color":"#222222","section_subtitle_scale":100,"title":"","caption_size":"h1","title_color":"#222222","section_heading_scale":100,"text":"","text_color":"#222222","section_description_scale":100,"code":"","card_padding":"0rem 0rem 0rem 0rem","caption_padding":"0rem 0rem 0rem 0rem","margin_title":1,"margin_subtitle":2,"margin_text":2,"margin_btn":3,"link_label":"","link":"","useButton":false,"btn_bg_color":"#222222","btn_border_color":"#222222","btn_text_color":"#ffffff","btn_bg_color_hover":"#222222","btn_border_color_hover":"#222222","btn_text_color_hover":"#ffffff","zmz_btn_size":"zmz-btn-md","custom_class":"","text_alignment_mobile":"center","mobile_image_ratio":"adapt","off_overlay_mobile":false,"caption_mobile_padding":"1rem 1rem 1rem 1rem","mob_margin_title":2,"mob_margin_subtitle":2,"mob_margin_text":2,"mob_margin_btn":2}}},"block_order":["template--14894060929066__2af431c3-f7b7-407e-8eef-50dcfbf64ff5-16768315582cb05beb-0","ef7751c5-298e-4cbd-b920-57e361e9103e"],"settings":{"box_type":"box","section_width":1200,"section_fluid_width":1920,"title":"","section_heading_scale":100,"subtitle":"","section_subtitle_scale":100,"description":"","section_description_scale":100,"heading_alignment":"center","spacing_grid_horizontal":30,"inverted":false,"button_label":"","button_link":"","color_scheme":"background-1","customColor":false,"bg_color":"","container_color_scheme":"background-1","section_custom_color":false,"bg_section_color":"","bg_color_opacity":0.1,"desktop_section_padding":"0 0 0 0","desktopContainerPadding":"0rem 5rem 0rem 5rem","columns_mobile":"1","swipe_on_mobile":false,"mobile_section_padding":"1rem 1rem 1rem 1rem","mobileContainerPadding":"1rem 1rem 1rem 1rem"}},"a7fcb435-4e4e-4cfc-913c-10d8bc37cbe0":{"type":"rich-text","blocks":{"71cb5c08-3653-40b5-90e5-12ea6fb99f5e":{"type":"heading","settings":{"heading":"<h3>Fashion has no boundaries for us!<\/h3>","heading_size":"h2"}},"4f6783f7-c172-4cd6-969a-abe4c14bc8ff":{"type":"text","settings":{"text":"<p>We follow the latest trends, combining classic patterns with new and unique fashion deals. Vendy is a worldwide style point for ecommerce trends. We provide customers around the world with the best online stores. Checked by the time!<\/p>"}}},"block_order":["71cb5c08-3653-40b5-90e5-12ea6fb99f5e","4f6783f7-c172-4cd6-969a-abe4c14bc8ff"],"settings":{"desktop_content_position":"center","content_alignment":"center","color_scheme":"background-1","full_width":false,"padding_top":0,"padding_bottom":0}},"4383b3c5-0b94-4d6c-96a2-2f521dda359b":{"type":"zmz-multicolumn","blocks":{"template--14906540490794__4383b3c5-0b94-4d6c-96a2-2f521dda359b-1679340334137fbe1a-0":{"type":"column","settings":{"image":"shopify:\/\/shop_images\/photo_2.jpg","customHtml":"","title":"JENNY WILSON","title_color":"#222222","section_heading_scale":50,"text":"<p>CEO & founder<\/p>","text_color":"#222222","section_description_scale":100,"bg_border_img_color":"rgba(0,0,0,0)","image_padding":0,"info_padding_top":2.4,"info_padding_bottom":1,"link_label":"","link":"","useButton":false,"btn_bg_color":"#222222","btn_border_color":"#222222","btn_text_color":"#ffffff","btn_bg_color_hover":"#222222","btn_border_color_hover":"#222222","btn_text_color_hover":"#ffffff","zmz_btn_size":"zmz-btn-md","button_fullwidth":false,"show_social":true,"social_facebook_link":"#","social_instagram_link":"#","social_youtube_link":"","social_tiktok_link":"#","social_twitter_link":"#","social_snapchat_link":"","social_style":"circle","info_padding_top_mob":1,"info_padding_bottom_mob":1}},"template--14906540490794__4383b3c5-0b94-4d6c-96a2-2f521dda359b-1679340334137fbe1a-1":{"type":"column","settings":{"image":"shopify:\/\/shop_images\/photo_3.jpg","customHtml":"","title":"JACOB JONES","title_color":"#222222","section_heading_scale":50,"text":"<p>Designer<\/p>","text_color":"#222222","section_description_scale":100,"bg_border_img_color":"rgba(0,0,0,0)","image_padding":0,"info_padding_top":2.4,"info_padding_bottom":1,"link_label":"","link":"","useButton":false,"btn_bg_color":"#222222","btn_border_color":"#222222","btn_text_color":"#ffffff","btn_bg_color_hover":"#222222","btn_border_color_hover":"#222222","btn_text_color_hover":"#ffffff","zmz_btn_size":"zmz-btn-md","button_fullwidth":false,"show_social":true,"social_facebook_link":"#","social_instagram_link":"#","social_youtube_link":"","social_tiktok_link":"#","social_twitter_link":"#","social_snapchat_link":"","social_style":"circle","info_padding_top_mob":1,"info_padding_bottom_mob":1}},"template--14906540490794__4383b3c5-0b94-4d6c-96a2-2f521dda359b-1679340334137fbe1a-2":{"type":"column","settings":{"image":"shopify:\/\/shop_images\/photo_4.jpg","customHtml":"","title":"DIANNE RUSSELL","title_color":"#222222","section_heading_scale":50,"text":"<p>Marketing & PR<\/p>","text_color":"#222222","section_description_scale":100,"bg_border_img_color":"rgba(0,0,0,0)","image_padding":0,"info_padding_top":2.4,"info_padding_bottom":1,"link_label":"","link":"","useButton":false,"btn_bg_color":"#222222","btn_border_color":"#222222","btn_text_color":"#ffffff","btn_bg_color_hover":"#222222","btn_border_color_hover":"#222222","btn_text_color_hover":"#ffffff","zmz_btn_size":"zmz-btn-md","button_fullwidth":false,"show_social":true,"social_facebook_link":"#","social_instagram_link":"#","social_youtube_link":"","social_tiktok_link":"#","social_twitter_link":"#","social_snapchat_link":"","social_style":"circle","info_padding_top_mob":1,"info_padding_bottom_mob":1}},"7562ec29-f95f-4720-b251-e5f027d897fd":{"type":"column","settings":{"image":"shopify:\/\/shop_images\/photo_1.jpg","customHtml":"","title":"SAVANNAH NGUYEN","title_color":"#222222","section_heading_scale":50,"text":"<p>Shipping & distribution<\/p>","text_color":"#222222","section_description_scale":100,"bg_border_img_color":"rgba(0,0,0,0)","image_padding":0,"info_padding_top":2.4,"info_padding_bottom":1,"link_label":"","link":"","useButton":false,"btn_bg_color":"#222222","btn_border_color":"#222222","btn_text_color":"#ffffff","btn_bg_color_hover":"#222222","btn_border_color_hover":"#222222","btn_text_color_hover":"#ffffff","zmz_btn_size":"zmz-btn-md","button_fullwidth":false,"show_social":true,"social_facebook_link":"#","social_instagram_link":"#","social_youtube_link":"","social_tiktok_link":"#","social_twitter_link":"#","social_snapchat_link":"","social_style":"circle","info_padding_top_mob":1,"info_padding_bottom_mob":1}}},"block_order":["template--14906540490794__4383b3c5-0b94-4d6c-96a2-2f521dda359b-1679340334137fbe1a-0","template--14906540490794__4383b3c5-0b94-4d6c-96a2-2f521dda359b-1679340334137fbe1a-1","template--14906540490794__4383b3c5-0b94-4d6c-96a2-2f521dda359b-1679340334137fbe1a-2","7562ec29-f95f-4720-b251-e5f027d897fd"],"settings":{"box_type":"box","section_width":1200,"section_fluid_width":1880,"title":"Meet our team","section_heading_scale":100,"subtitle":"","section_subtitle_scale":100,"description":"","section_description_scale":100,"heading_alignment":"center","inverted":false,"image_width":"full","image_ratio":"adapt","columns_desktop":3,"spacing_grid_horizontal":30,"column_alignment":"center","off_carousel_counter":true,"nav_style_type":"type_2","enable_desktop_slider":true,"caption_full_width":false,"background_style":"primary","button_label":"","button_link":"","color_scheme":"background-1","customColor":false,"bg_color":"","container_color_scheme":"background-1","section_custom_color":false,"bg_section_color":"","bg_color_opacity":0.1,"columns_mobile":"1","swipe_on_mobile":false,"desktop_section_padding":"5em 3rem 3rem 3rem","desktopContainerPadding":"0rem 2rem 2rem 2rem","mobile_section_padding":"3rem 1rem 1rem 1rem","mobileContainerPadding":"1rem 1rem 1rem 1rem"}},"03d1c176-eb79-4cc8-bbab-2c153b6f7351":{"type":"image-with-text","blocks":{"template--14906540523562__03d1c176-eb79-4cc8-bbab-2c153b6f7351-1679393931692bfd33-0":{"type":"heading","settings":{"heading":"How do we protect our environment?","heading_size":"h2"}},"template--14906540523562__03d1c176-eb79-4cc8-bbab-2c153b6f7351-1679393931692bfd33-1":{"type":"text","settings":{"text":"<h5>Recycled cardboards<\/h5><p>We have given up on plastic and started to send online orders in cardboards which underwent recycling process.<\/p><h5>Audits in plants<\/h5><p>Each year, we carry out over 1300 audits in manufacturing plants to examine the observation of human rights, salaries and the scope of natural environment protection.<\/p><h5>Certified fabrics<\/h5><p>We’re increasing the number of ecological products, we also use certified fabrics or recycled polyester.<\/p>","text_style":"body"}}},"block_order":["template--14906540523562__03d1c176-eb79-4cc8-bbab-2c153b6f7351-1679393931692bfd33-0","template--14906540523562__03d1c176-eb79-4cc8-bbab-2c153b6f7351-1679393931692bfd33-1"],"settings":{"image":"shopify:\/\/shop_images\/rose_flavoured_boiled_sweets_3.png","height":"adapt","desktop_image_width":"medium","layout":"image_first","desktop_content_position":"top","desktop_content_alignment":"left","content_layout":"no-overlap","color_scheme":"background-1","mobile_content_alignment":"left","padding_top":36,"padding_bottom":36}},"e25cfafd-d27a-465b-a830-cc36da8a2e15":{"type":"zmz-icon-text","blocks":{"template--14900282556458__e25cfafd-d27a-465b-a830-cc36da8a2e15-1678788489ff19caae-0":{"type":"column","settings":{"image_ratio":"adapt","image_width":4,"icon-layout":"vertical","icon_1":"truck","svgColor":"#222222","customHtml":"","title":"Free delivery","title_color":"#222222","section_heading_scale":67,"text":"<p>Free shipping for all orders<\/p>","text_color":"#7b7b7b","section_description_scale":120,"bg_border_img_color":"rgba(0,0,0,0)","image_padding":0,"info_padding":"1rem 1rem 1rem 0rem","link_label":"","link":"","info_padding_mob":"1rem 1rem 1rem 0rem"}},"template--14900282556458__e25cfafd-d27a-465b-a830-cc36da8a2e15-1678788489ff19caae-1":{"type":"column","settings":{"image_ratio":"adapt","image_width":4,"icon-layout":"vertical","icon_1":"wallet","svgColor":"#121212","customHtml":"","title":"100% Payment Secure","title_color":"#222222","section_heading_scale":67,"text":"<p>Payment 100% secured<\/p>","text_color":"#7b7b7b","section_description_scale":119,"bg_border_img_color":"rgba(0,0,0,0)","image_padding":0,"info_padding":"1rem 1rem 1rem 0rem","link_label":"","link":"","info_padding_mob":"1rem 1rem 1rem 0rem"}},"template--14900282556458__e25cfafd-d27a-465b-a830-cc36da8a2e15-1678788489ff19caae-2":{"type":"column","settings":{"image_ratio":"adapt","image_width":4,"icon-layout":"vertical","icon_1":"rotate_left","svgColor":"#121212","customHtml":"","title":"14 Days Return","title_color":"#222222","section_heading_scale":67,"text":"<p>You have 14 days to retorn<\/p>","text_color":"#7b7b7b","section_description_scale":119,"bg_border_img_color":"rgba(0,0,0,0)","image_padding":0,"info_padding":"1rem 1rem 1rem 0rem","link_label":"","link":"","info_padding_mob":"1rem 1rem 1rem 0rem"}},"e3f1d2b5-33e6-49b0-8a08-04471da28e07":{"type":"column","settings":{"image_ratio":"adapt","image_width":4,"icon-layout":"vertical","icon_1":"support","svgColor":"#121212","customHtml":"","title":"Support 24\/7","title_color":"#222222","section_heading_scale":67,"text":"<p>We support 24 hours a day<\/p>","text_color":"#7b7b7b","section_description_scale":119,"bg_border_img_color":"rgba(0,0,0,0)","image_padding":0,"info_padding":"1rem 1rem 1rem 0rem","link_label":"","link":"","info_padding_mob":"1rem 1rem 1rem 0rem"}}},"block_order":["template--14900282556458__e25cfafd-d27a-465b-a830-cc36da8a2e15-1678788489ff19caae-0","template--14900282556458__e25cfafd-d27a-465b-a830-cc36da8a2e15-1678788489ff19caae-1","template--14900282556458__e25cfafd-d27a-465b-a830-cc36da8a2e15-1678788489ff19caae-2","e3f1d2b5-33e6-49b0-8a08-04471da28e07"],"settings":{"box_type":"box","section_width":1200,"section_fluid_width":1880,"title":"","section_heading_scale":100,"subtitle":"","section_subtitle_scale":100,"description":"","section_description_scale":100,"heading_alignment":"center","inverted":false,"columns_desktop":4,"spacing_grid_horizontal":30,"column_alignment":"left","image_vertical_alignment":"middle","off_carousel_counter":false,"nav_style_type":"type_2","enable_desktop_slider":true,"caption_full_width":false,"background_style":"primary","button_label":"","button_link":"","color_scheme":"background-1","customColor":false,"bg_color":"","container_color_scheme":"background-1","section_custom_color":false,"bg_section_color":"","bg_color_opacity":0.1,"columns_mobile":"2","swipe_on_mobile":false,"desktop_section_padding":"3rem 2rem 6rem 2rem","desktopContainerPadding":"0rem 1.5rem 3rem 1.5rem","mobile_section_padding":"0rem 1.5rem 0rem 1.5rem","mobileContainerPadding":"0rem 1rem 0rem 1rem"}}},"order":["main","2af431c3-f7b7-407e-8eef-50dcfbf64ff5","a7fcb435-4e4e-4cfc-913c-10d8bc37cbe0","4383b3c5-0b94-4d6c-96a2-2f521dda359b","03d1c176-eb79-4cc8-bbab-2c153b6f7351","e25cfafd-d27a-465b-a830-cc36da8a2e15"]}