{"sections":{"main":{"type":"main-page","disabled":true,"settings":{"padding_top":36,"padding_bottom":36}},"a7fcb435-4e4e-4cfc-913c-10d8bc37cbe0":{"type":"rich-text","blocks":{"4f6783f7-c172-4cd6-969a-abe4c14bc8ff":{"type":"text","settings":{"text":"<h5>Whether you’re looking for new chew toys to keep your fur baby entertained or want to pick up some accessories to add to their everyday look, we have it all. <\/h5>"}}},"block_order":["4f6783f7-c172-4cd6-969a-abe4c14bc8ff"],"settings":{"desktop_content_position":"center","content_alignment":"left","color_scheme":"background-1","full_width":false,"padding_top":24,"padding_bottom":0}},"2af431c3-f7b7-407e-8eef-50dcfbf64ff5":{"type":"zmz-banners","blocks":{"template--14894060929066__2af431c3-f7b7-407e-8eef-50dcfbf64ff5-16768315582cb05beb-0":{"type":"banner","settings":{"image":"shopify:\/\/shop_images\/slide_2.png","image_width":"full","image_ratio":"adapt","image_overlay_opacity":0,"banner_style":"overlay","contentHorizontal":"contentLeft","reverse_cpos":"column","columns_desktop":"1","link_type_banner":false,"caption_max_width":false,"text_alignment":"left","v_cpos":"flex-start","background_style":"none","bg_custom_color":"","bg_color_opacity":0.1,"subtitle":"","subtitle_color":"#222222","section_subtitle_scale":100,"title":"","caption_size":"h1","title_color":"#222222","section_heading_scale":100,"text":"","text_color":"#222222","section_description_scale":100,"code":"","card_padding":"0rem 0rem 0rem 0rem","caption_padding":"0rem 0rem 0rem 0rem","margin_title":2,"margin_subtitle":2,"margin_text":2,"margin_btn":10,"link_label":"","link":"","useButton":false,"btn_bg_color":"#222222","btn_border_color":"#222222","btn_text_color":"#ffffff","btn_bg_color_hover":"#222222","btn_border_color_hover":"#222222","btn_text_color_hover":"#ffffff","zmz_btn_size":"zmz-btn-md","custom_class":"","text_alignment_mobile":"center","mobile_image_ratio":"adapt","off_overlay_mobile":false,"caption_mobile_padding":"1rem 1rem 1rem 1rem","mob_margin_title":2,"mob_margin_subtitle":2,"mob_margin_text":2,"mob_margin_btn":2}}},"block_order":["template--14894060929066__2af431c3-f7b7-407e-8eef-50dcfbf64ff5-16768315582cb05beb-0"],"settings":{"box_type":"box","section_width":1100,"section_fluid_width":1920,"title":"","section_heading_scale":100,"subtitle":"","section_subtitle_scale":100,"description":"","section_description_scale":100,"heading_alignment":"center","spacing_grid_horizontal":30,"inverted":false,"button_label":"","button_link":"","color_scheme":"background-1","customColor":false,"bg_color":"","container_color_scheme":"background-1","section_custom_color":false,"bg_section_color":"","bg_color_opacity":0.1,"desktop_section_padding":"0 0 0 13%","desktopContainerPadding":"0rem 2rem 0rem 2rem","columns_mobile":"1","swipe_on_mobile":false,"mobile_section_padding":"1rem 1rem 1rem 1rem","mobileContainerPadding":"1rem 1rem 1rem 1rem"}},"5b25b5ba-a037-44cd-b1e1-9b6618fdaec0":{"type":"zmz-multicolumn","blocks":{"template--14906540490794__5b25b5ba-a037-44cd-b1e1-9b6618fdaec0-1679336648cdd01907-0":{"type":"column","settings":{"customHtml":"","title":"+ 22","title_color":"#222222","section_heading_scale":200,"text":"<h6>YEARS OF EXPERIENCE IN THE FASHION INDUSTRY<\/h6>","text_color":"#222222","section_description_scale":100,"bg_border_img_color":"rgba(0,0,0,0)","image_padding":0,"info_padding_top":0,"info_padding_bottom":0,"link_label":"","link":"","useButton":false,"btn_bg_color":"#222222","btn_border_color":"#222222","btn_text_color":"#ffffff","btn_bg_color_hover":"#222222","btn_border_color_hover":"#222222","btn_text_color_hover":"#ffffff","zmz_btn_size":"zmz-btn-md","button_fullwidth":false,"show_social":false,"social_facebook_link":"","social_instagram_link":"","social_youtube_link":"","social_tiktok_link":"","social_twitter_link":"","social_snapchat_link":"","social_style":"color","info_padding_top_mob":1,"info_padding_bottom_mob":1}},"template--14906540490794__5b25b5ba-a037-44cd-b1e1-9b6618fdaec0-1679336648cdd01907-1":{"type":"column","settings":{"customHtml":"","title":"% 96","title_color":"#222222","section_heading_scale":200,"text":"<h6>OF SALES GROWTH IN THE LAST 5 YEARS<\/h6>","text_color":"#222222","section_description_scale":100,"bg_border_img_color":"rgba(0,0,0,0)","image_padding":0,"info_padding_top":1,"info_padding_bottom":1,"link_label":"","link":"","useButton":false,"btn_bg_color":"#222222","btn_border_color":"#222222","btn_text_color":"#ffffff","btn_bg_color_hover":"#222222","btn_border_color_hover":"#222222","btn_text_color_hover":"#ffffff","zmz_btn_size":"zmz-btn-md","button_fullwidth":false,"show_social":false,"social_facebook_link":"","social_instagram_link":"","social_youtube_link":"","social_tiktok_link":"","social_twitter_link":"","social_snapchat_link":"","social_style":"color","info_padding_top_mob":1,"info_padding_bottom_mob":1}},"37e8df9f-9446-4c31-bd9e-65f9f7a58a53":{"type":"column","settings":{"customHtml":"","title":"+230 100 000","title_color":"#222222","section_heading_scale":112,"text":"<h6>PIECES OF CLOTHING SOLD EVERY YEAR<\/h6>","text_color":"#222222","section_description_scale":100,"bg_border_img_color":"rgba(0,0,0,0)","image_padding":0,"info_padding_top":1,"info_padding_bottom":1,"link_label":"","link":"","useButton":false,"btn_bg_color":"#222222","btn_border_color":"#222222","btn_text_color":"#ffffff","btn_bg_color_hover":"#222222","btn_border_color_hover":"#222222","btn_text_color_hover":"#ffffff","zmz_btn_size":"zmz-btn-md","button_fullwidth":false,"show_social":false,"social_facebook_link":"","social_instagram_link":"","social_youtube_link":"","social_tiktok_link":"","social_twitter_link":"","social_snapchat_link":"","social_style":"color","info_padding_top_mob":1,"info_padding_bottom_mob":1}}},"block_order":["template--14906540490794__5b25b5ba-a037-44cd-b1e1-9b6618fdaec0-1679336648cdd01907-0","template--14906540490794__5b25b5ba-a037-44cd-b1e1-9b6618fdaec0-1679336648cdd01907-1","37e8df9f-9446-4c31-bd9e-65f9f7a58a53"],"custom_css":["h3 {font-weight: bold;}"],"settings":{"box_type":"box","section_width":900,"section_fluid_width":1880,"title":"","section_heading_scale":100,"subtitle":"","section_subtitle_scale":100,"description":"","section_description_scale":100,"heading_alignment":"center","inverted":false,"image_width":"full","image_ratio":"adapt","columns_desktop":3,"spacing_grid_horizontal":50,"column_alignment":"left","off_carousel_counter":false,"nav_style_type":"type_1","enable_desktop_slider":false,"caption_full_width":false,"background_style":"primary","button_label":"","button_link":"","color_scheme":"background-1","customColor":false,"bg_color":"","container_color_scheme":"background-1","section_custom_color":false,"bg_section_color":"","bg_color_opacity":0.1,"columns_mobile":"1","swipe_on_mobile":false,"desktop_section_padding":"0rem 3rem 3rem 13%","desktopContainerPadding":"0rem 2rem 2rem 5rem","mobile_section_padding":"1rem 1rem 1rem 1rem","mobileContainerPadding":"1rem 1rem 1rem 1rem"}},"4383b3c5-0b94-4d6c-96a2-2f521dda359b":{"type":"zmz-multicolumn","blocks":{"template--14906540490794__4383b3c5-0b94-4d6c-96a2-2f521dda359b-1679340334137fbe1a-0":{"type":"column","settings":{"image":"shopify:\/\/shop_images\/photo_4.jpg","customHtml":"","title":"JENNY WILSON","title_color":"#222222","section_heading_scale":50,"text":"<p>CEO & founder<\/p>","text_color":"#222222","section_description_scale":100,"bg_border_img_color":"rgba(0,0,0,0)","image_padding":0,"info_padding_top":2.4,"info_padding_bottom":1,"link_label":"","link":"","useButton":false,"btn_bg_color":"#222222","btn_border_color":"#222222","btn_text_color":"#ffffff","btn_bg_color_hover":"#222222","btn_border_color_hover":"#222222","btn_text_color_hover":"#ffffff","zmz_btn_size":"zmz-btn-md","button_fullwidth":false,"show_social":true,"social_facebook_link":"#","social_instagram_link":"#","social_youtube_link":"","social_tiktok_link":"#","social_twitter_link":"#","social_snapchat_link":"","social_style":"circle","info_padding_top_mob":1,"info_padding_bottom_mob":1}},"template--14906540490794__4383b3c5-0b94-4d6c-96a2-2f521dda359b-1679340334137fbe1a-1":{"type":"column","settings":{"image":"shopify:\/\/shop_images\/photo_3.jpg","customHtml":"","title":"JACOB JONES","title_color":"#222222","section_heading_scale":50,"text":"<p>Designer<\/p>","text_color":"#222222","section_description_scale":100,"bg_border_img_color":"rgba(0,0,0,0)","image_padding":0,"info_padding_top":2.4,"info_padding_bottom":1,"link_label":"","link":"","useButton":false,"btn_bg_color":"#222222","btn_border_color":"#222222","btn_text_color":"#ffffff","btn_bg_color_hover":"#222222","btn_border_color_hover":"#222222","btn_text_color_hover":"#ffffff","zmz_btn_size":"zmz-btn-md","button_fullwidth":false,"show_social":true,"social_facebook_link":"#","social_instagram_link":"#","social_youtube_link":"","social_tiktok_link":"#","social_twitter_link":"#","social_snapchat_link":"","social_style":"circle","info_padding_top_mob":1,"info_padding_bottom_mob":1}},"template--14906540490794__4383b3c5-0b94-4d6c-96a2-2f521dda359b-1679340334137fbe1a-2":{"type":"column","settings":{"image":"shopify:\/\/shop_images\/photo_2.jpg","customHtml":"","title":"DIANNE RUSSELL","title_color":"#222222","section_heading_scale":50,"text":"<p>Marketing & PR<\/p>","text_color":"#222222","section_description_scale":100,"bg_border_img_color":"rgba(0,0,0,0)","image_padding":0,"info_padding_top":2.4,"info_padding_bottom":1,"link_label":"","link":"","useButton":false,"btn_bg_color":"#222222","btn_border_color":"#222222","btn_text_color":"#ffffff","btn_bg_color_hover":"#222222","btn_border_color_hover":"#222222","btn_text_color_hover":"#ffffff","zmz_btn_size":"zmz-btn-md","button_fullwidth":false,"show_social":true,"social_facebook_link":"#","social_instagram_link":"#","social_youtube_link":"","social_tiktok_link":"#","social_twitter_link":"#","social_snapchat_link":"","social_style":"circle","info_padding_top_mob":1,"info_padding_bottom_mob":1}},"7562ec29-f95f-4720-b251-e5f027d897fd":{"type":"column","settings":{"image":"shopify:\/\/shop_images\/photo_1.jpg","customHtml":"","title":"SAVANNAH NGUYEN","title_color":"#222222","section_heading_scale":50,"text":"<p>Shipping & distribution<\/p>","text_color":"#222222","section_description_scale":100,"bg_border_img_color":"rgba(0,0,0,0)","image_padding":0,"info_padding_top":2.4,"info_padding_bottom":1,"link_label":"","link":"","useButton":false,"btn_bg_color":"#222222","btn_border_color":"#222222","btn_text_color":"#ffffff","btn_bg_color_hover":"#222222","btn_border_color_hover":"#222222","btn_text_color_hover":"#ffffff","zmz_btn_size":"zmz-btn-md","button_fullwidth":false,"show_social":true,"social_facebook_link":"#","social_instagram_link":"#","social_youtube_link":"","social_tiktok_link":"#","social_twitter_link":"#","social_snapchat_link":"","social_style":"circle","info_padding_top_mob":1,"info_padding_bottom_mob":1}}},"block_order":["template--14906540490794__4383b3c5-0b94-4d6c-96a2-2f521dda359b-1679340334137fbe1a-0","template--14906540490794__4383b3c5-0b94-4d6c-96a2-2f521dda359b-1679340334137fbe1a-1","template--14906540490794__4383b3c5-0b94-4d6c-96a2-2f521dda359b-1679340334137fbe1a-2","7562ec29-f95f-4720-b251-e5f027d897fd"],"settings":{"box_type":"box","section_width":1200,"section_fluid_width":1880,"title":"Meet our team","section_heading_scale":100,"subtitle":"","section_subtitle_scale":100,"description":"","section_description_scale":100,"heading_alignment":"center","inverted":false,"image_width":"full","image_ratio":"adapt","columns_desktop":4,"spacing_grid_horizontal":30,"column_alignment":"center","off_carousel_counter":false,"nav_style_type":"type_1","enable_desktop_slider":false,"caption_full_width":false,"background_style":"primary","button_label":"","button_link":"","color_scheme":"background-1","customColor":false,"bg_color":"","container_color_scheme":"background-1","section_custom_color":false,"bg_section_color":"","bg_color_opacity":0.1,"columns_mobile":"1","swipe_on_mobile":false,"desktop_section_padding":"0em 3rem 3rem 3rem","desktopContainerPadding":"0rem 2rem 2rem 2rem","mobile_section_padding":"1rem 1rem 1rem 1rem","mobileContainerPadding":"1rem 1rem 1rem 1rem"}},"d3aaf66c-2844-4236-b5cc-d6dafc6cd35c":{"type":"zmz-icon-text","blocks":{"template--14900289699882__d3aaf66c-2844-4236-b5cc-d6dafc6cd35c-16787867615b1bda76-0":{"type":"column","settings":{"image_ratio":"adapt","image_width":6,"icon-layout":"vertical","icon_1":"ship","svgColor":"#121212","customHtml":"","title":"Shipping Worldwide","title_color":"#232122","section_heading_scale":67,"text":"<p>Special financing and earn rewards<\/p>","text_color":"#7b7b7b","section_description_scale":119,"bg_border_img_color":"rgba(0,0,0,0)","image_padding":0,"info_padding":"1rem 1rem 1rem 0rem","link_label":"","link":"","info_padding_mob":"1rem 1rem 1rem 1rem"}},"template--14900289699882__d3aaf66c-2844-4236-b5cc-d6dafc6cd35c-16787867615b1bda76-1":{"type":"column","settings":{"image_ratio":"adapt","image_width":6,"icon-layout":"vertical","icon_1":"rotate_left","svgColor":"#121212","customHtml":"","title":"14 Days Return","title_color":"#232122","section_heading_scale":67,"text":"<p>14-days free return policy<\/p>","text_color":"#7b7b7b","section_description_scale":119,"bg_border_img_color":"rgba(0,0,0,0)","image_padding":0,"info_padding":"1rem 1rem 1rem 0rem","link_label":"","link":"","info_padding_mob":"1rem 1rem 1rem 1rem"}},"template--14900289699882__d3aaf66c-2844-4236-b5cc-d6dafc6cd35c-16787867615b1bda76-2":{"type":"column","settings":{"image_ratio":"adapt","image_width":6,"icon-layout":"vertical","icon_1":"shield-tick","svgColor":"#121212","customHtml":"","title":"Security Payment","title_color":"#232122","section_heading_scale":67,"text":"<p>We accept all major credit cards<\/p>","text_color":"#7b7b7b","section_description_scale":119,"bg_border_img_color":"rgba(0,0,0,0)","image_padding":0,"info_padding":"1rem 1rem 1rem 0rem","link_label":"","link":"","info_padding_mob":"1rem 1rem 1rem 1rem"}}},"block_order":["template--14900289699882__d3aaf66c-2844-4236-b5cc-d6dafc6cd35c-16787867615b1bda76-0","template--14900289699882__d3aaf66c-2844-4236-b5cc-d6dafc6cd35c-16787867615b1bda76-1","template--14900289699882__d3aaf66c-2844-4236-b5cc-d6dafc6cd35c-16787867615b1bda76-2"],"settings":{"box_type":"fluid","section_width":1100,"section_fluid_width":1160,"title":"","section_heading_scale":100,"subtitle":"","section_subtitle_scale":100,"description":"","section_description_scale":100,"heading_alignment":"center","inverted":false,"columns_desktop":3,"spacing_grid_horizontal":15,"column_alignment":"center","image_vertical_alignment":"middle","off_carousel_counter":false,"nav_style_type":"type_1","enable_desktop_slider":false,"caption_full_width":false,"background_style":"primary","button_label":"","button_link":"","color_scheme":"background-1","customColor":false,"bg_color":"","container_color_scheme":"background-2","section_custom_color":false,"bg_section_color":"","bg_color_opacity":0.1,"columns_mobile":"1","swipe_on_mobile":false,"desktop_section_padding":"2rem 0rem 5rem 0rem","desktopContainerPadding":"4rem 7rem 1rem 7em","mobile_section_padding":"1rem 1rem 1rem 1rem","mobileContainerPadding":"3rem 0rem 3rem 0rem"}},"0eaa95d2-3b81-4e31-889f-d7d54a7fcc7e":{"type":"zmz-banners","blocks":{"template--14906540490794__0eaa95d2-3b81-4e31-889f-d7d54a7fcc7e-16793880723f6da522-0":{"type":"banner","settings":{"image":"shopify:\/\/shop_images\/slide_3.png","image_width":"full","image_ratio":"adapt","image_overlay_opacity":0,"banner_style":"standard","contentHorizontal":"contentLeft","reverse_cpos":"column","columns_desktop":"1","link_type_banner":false,"caption_max_width":false,"text_alignment":"left","v_cpos":"flex-end","background_style":"none","bg_custom_color":"","bg_color_opacity":1,"subtitle":"","subtitle_color":"#222222","section_subtitle_scale":100,"title":"","caption_size":"h1","title_color":"#222222","section_heading_scale":100,"text":"<h3><strong>UP TO 40% OFF ON ALL ITEMS<\/strong><\/h3>","text_color":"#222222","section_description_scale":100,"code":"","card_padding":"0rem 0rem 0rem 0rem","caption_padding":"0rem 0rem 0rem 0rem","margin_title":0,"margin_subtitle":1,"margin_text":2,"margin_btn":3,"link_label":"","link":"","useButton":false,"btn_bg_color":"#222222","btn_border_color":"#222222","btn_text_color":"#ffffff","btn_bg_color_hover":"#222222","btn_border_color_hover":"#222222","btn_text_color_hover":"#ffffff","zmz_btn_size":"zmz-btn-md","custom_class":"","text_alignment_mobile":"center","mobile_image_ratio":"adapt","off_overlay_mobile":false,"caption_mobile_padding":"1rem 1rem 1rem 1rem","mob_margin_title":2,"mob_margin_subtitle":2,"mob_margin_text":2,"mob_margin_btn":2}}},"block_order":["template--14906540490794__0eaa95d2-3b81-4e31-889f-d7d54a7fcc7e-16793880723f6da522-0"],"settings":{"box_type":"full_width","section_width":1200,"section_fluid_width":1880,"title":"","section_heading_scale":100,"subtitle":"","section_subtitle_scale":100,"description":"","section_description_scale":100,"heading_alignment":"center","spacing_grid_horizontal":15,"inverted":false,"button_label":"","button_link":"","color_scheme":"background-1","customColor":false,"bg_color":"","container_color_scheme":"background-1","section_custom_color":false,"bg_section_color":"","bg_color_opacity":1,"desktop_section_padding":"0rem 0rem 0rem 17%","desktopContainerPadding":"1rem 1rem 1rem 4rem","columns_mobile":"1","swipe_on_mobile":false,"mobile_section_padding":"0rem 0rem 0rem 0rem","mobileContainerPadding":"1rem 1rem 1rem 1rem"}},"83e19c40-a13b-4961-a811-85b61d873c40":{"type":"zmz-icon-text","blocks":{"template--14906540490794__83e19c40-a13b-4961-a811-85b61d873c40-1679388711cda05806-0":{"type":"column","settings":{"image_ratio":"adapt","image_width":5,"icon-layout":"horizontal","icon_1":"location","svgColor":"#121212","customHtml":"","title":"24","title_color":"#222222","section_heading_scale":150,"text":"<h6>MARKETS IN WHICH WE OPERATE ONLINE<\/h6>","text_color":"#222222","section_description_scale":100,"bg_border_img_color":"rgba(0,0,0,0)","image_padding":0,"info_padding":"1rem 1rem 1rem 2rem","link_label":"","link":"","info_padding_mob":"1rem 1rem 1rem 1rem"}},"template--14906540490794__83e19c40-a13b-4961-a811-85b61d873c40-1679388711cda05806-1":{"type":"column","settings":{"image_ratio":"adapt","image_width":5,"icon-layout":"horizontal","icon_1":"none","svgColor":"#121212","customHtml":"","title":"+320","title_color":"#222222","section_heading_scale":150,"text":"<h6>STORES WORLDWIDE<\/h6>","text_color":"#222222","section_description_scale":100,"bg_border_img_color":"rgba(0,0,0,0)","image_padding":0,"info_padding":"1rem 1rem 1rem 0rem","link_label":"","link":"","info_padding_mob":"1rem 1rem 1rem 1rem"}}},"block_order":["template--14906540490794__83e19c40-a13b-4961-a811-85b61d873c40-1679388711cda05806-0","template--14906540490794__83e19c40-a13b-4961-a811-85b61d873c40-1679388711cda05806-1"],"custom_css":["h3 {font-weight: bold;}"],"settings":{"box_type":"box","section_width":900,"section_fluid_width":1880,"title":"","section_heading_scale":100,"subtitle":"","section_subtitle_scale":100,"description":"","section_description_scale":100,"heading_alignment":"center","inverted":false,"columns_desktop":2,"spacing_grid_horizontal":30,"column_alignment":"left","image_vertical_alignment":"middle","off_carousel_counter":false,"nav_style_type":"type_1","enable_desktop_slider":false,"caption_full_width":false,"background_style":"primary","button_label":"","button_link":"","color_scheme":"background-1","customColor":false,"bg_color":"","container_color_scheme":"background-1","section_custom_color":false,"bg_section_color":"","bg_color_opacity":0.1,"columns_mobile":"1","swipe_on_mobile":false,"desktop_section_padding":"0rem 3rem 3rem 20%","desktopContainerPadding":"0rem 1.5rem 2rem 0rem","mobile_section_padding":"1rem 1rem 1rem 1rem","mobileContainerPadding":"1rem 1rem 1rem 1rem"}},"4b258a58-faf2-4e93-8473-284fc6715b53":{"type":"zmz-banners","blocks":{"template--14906540490794__4b258a58-faf2-4e93-8473-284fc6715b53-16793880723f6da522-0":{"type":"banner","settings":{"image":"shopify:\/\/shop_images\/Rectangle_35_2.png","image_width":"full","image_ratio":"adapt","image_overlay_opacity":0,"banner_style":"standard","contentHorizontal":"contentLeft","reverse_cpos":"column","columns_desktop":"3","link_type_banner":false,"caption_max_width":false,"text_alignment":"center","v_cpos":"flex-start","background_style":"none","bg_custom_color":"","bg_color_opacity":1,"subtitle":"","subtitle_color":"#222222","section_subtitle_scale":100,"title":"The Holiday shop","caption_size":"h4","title_color":"#222222","section_heading_scale":100,"text":"<p>Unwrap our favorite picks from the Holiday Shop and treat her to a selection of classic sweaters, novelty pajamas and stocking stuffers.<\/p>","text_color":"#222222","section_description_scale":100,"code":"","card_padding":"0rem 0rem 0rem 0rem","caption_padding":"0rem 0rem 0rem 0rem","margin_title":0,"margin_subtitle":2,"margin_text":1,"margin_btn":3,"link_label":"Show now","link":"shopify:\/\/collections\/dogs","useButton":false,"btn_bg_color":"#222222","btn_border_color":"#222222","btn_text_color":"#ffffff","btn_bg_color_hover":"#222222","btn_border_color_hover":"#222222","btn_text_color_hover":"#ffffff","zmz_btn_size":"zmz-btn-md","custom_class":"","text_alignment_mobile":"center","mobile_image_ratio":"adapt","off_overlay_mobile":false,"caption_mobile_padding":"1rem 1rem 1rem 1rem","mob_margin_title":2,"mob_margin_subtitle":2,"mob_margin_text":2,"mob_margin_btn":2}},"template--14906540490794__4b258a58-faf2-4e93-8473-284fc6715b53-16793880723f6da522-1":{"type":"banner","settings":{"image":"shopify:\/\/shop_images\/Rectangle_35.png","image_width":"full","image_ratio":"adapt","image_overlay_opacity":0,"banner_style":"standard","contentHorizontal":"contentCenter","reverse_cpos":"column","columns_desktop":"3","link_type_banner":false,"caption_max_width":false,"text_alignment":"center","v_cpos":"flex-start","background_style":"none","bg_custom_color":"","bg_color_opacity":1,"subtitle":"","subtitle_color":"#222222","section_subtitle_scale":100,"title":"Winter Must-Haves","caption_size":"h4","title_color":"#222222","section_heading_scale":100,"text":"<p>Keep things cool and comfortable during the chilly season with our new range of cold-weather picks.<\/p>","text_color":"#222222","section_description_scale":100,"code":"","card_padding":"0rem 0rem 0rem 0rem","caption_padding":"0rem 0rem 0rem 0rem","margin_title":0,"margin_subtitle":0,"margin_text":1,"margin_btn":3,"link_label":"Show now","link":"shopify:\/\/collections\/gifts","useButton":false,"btn_bg_color":"#222222","btn_border_color":"#222222","btn_text_color":"#ffffff","btn_bg_color_hover":"#222222","btn_border_color_hover":"#222222","btn_text_color_hover":"#ffffff","zmz_btn_size":"zmz-btn-md","custom_class":"","text_alignment_mobile":"center","mobile_image_ratio":"adapt","off_overlay_mobile":false,"caption_mobile_padding":"1rem 1rem 1rem 1rem","mob_margin_title":2,"mob_margin_subtitle":2,"mob_margin_text":2,"mob_margin_btn":2}},"template--14906540490794__4b258a58-faf2-4e93-8473-284fc6715b53-16793880723f6da522-2":{"type":"banner","settings":{"image":"shopify:\/\/shop_images\/Rectangle_36.png","image_width":"full","image_ratio":"adapt","image_overlay_opacity":0,"banner_style":"standard","contentHorizontal":"contentLeft","reverse_cpos":"column","columns_desktop":"3","link_type_banner":false,"caption_max_width":false,"text_alignment":"center","v_cpos":"flex-start","background_style":"none","bg_custom_color":"","bg_color_opacity":1,"subtitle":"","subtitle_color":"#222222","section_subtitle_scale":100,"title":"Top trends","caption_size":"h4","title_color":"#222222","section_heading_scale":100,"text":"<p>Want to stay ahead of the fashion curve? From dresses and tops to pants and outerwear, we’ve rounded up the best trends of the season.<\/p>","text_color":"#222222","section_description_scale":100,"code":"","card_padding":"0rem 0rem 0rem 0rem","caption_padding":"0rem 0rem 0rem 0rem","margin_title":0,"margin_subtitle":0,"margin_text":1,"margin_btn":3,"link_label":"Show now","link":"shopify:\/\/collections\/reptiles","useButton":false,"btn_bg_color":"#222222","btn_border_color":"#222222","btn_text_color":"#ffffff","btn_bg_color_hover":"#222222","btn_border_color_hover":"#222222","btn_text_color_hover":"#ffffff","zmz_btn_size":"zmz-btn-md","custom_class":"","text_alignment_mobile":"center","mobile_image_ratio":"adapt","off_overlay_mobile":false,"caption_mobile_padding":"1rem 1rem 1rem 1rem","mob_margin_title":2,"mob_margin_subtitle":2,"mob_margin_text":2,"mob_margin_btn":2}}},"block_order":["template--14906540490794__4b258a58-faf2-4e93-8473-284fc6715b53-16793880723f6da522-0","template--14906540490794__4b258a58-faf2-4e93-8473-284fc6715b53-16793880723f6da522-1","template--14906540490794__4b258a58-faf2-4e93-8473-284fc6715b53-16793880723f6da522-2"],"settings":{"box_type":"box","section_width":1200,"section_fluid_width":1880,"title":"Some of our collections","section_heading_scale":100,"subtitle":"","section_subtitle_scale":100,"description":"","section_description_scale":100,"heading_alignment":"center","spacing_grid_horizontal":30,"inverted":false,"button_label":"","button_link":"","color_scheme":"background-1","customColor":false,"bg_color":"","container_color_scheme":"background-1","section_custom_color":false,"bg_section_color":"","bg_color_opacity":1,"desktop_section_padding":"0rem 0rem 0rem 0rem","desktopContainerPadding":"1rem 1rem 1rem 1rem","columns_mobile":"1","swipe_on_mobile":false,"mobile_section_padding":"0rem 0rem 0rem 0rem","mobileContainerPadding":"1rem 1rem 1rem 1rem"}},"7306935c-4eb1-4ca3-8a0c-723ad1fd08a0":{"type":"zmz-logo-list","blocks":{"template--15978104455318__7306935c-4eb1-4ca3-8a0c-723ad1fd08a0-1679316784c46fa2af-0":{"type":"column","settings":{"image":"shopify:\/\/shop_images\/Group_940.png","image_ratio":"adapt","bg_border_img_color":"rgba(0,0,0,0)","border_width":0,"link":"shopify:\/\/collections"}},"template--15978104455318__7306935c-4eb1-4ca3-8a0c-723ad1fd08a0-1679316784c46fa2af-1":{"type":"column","settings":{"image":"shopify:\/\/shop_images\/Group_944.png","image_ratio":"adapt","bg_border_img_color":"rgba(0,0,0,0)","border_width":0,"link":"shopify:\/\/collections\/baked-goods"}},"template--15978104455318__7306935c-4eb1-4ca3-8a0c-723ad1fd08a0-1679316784c46fa2af-2":{"type":"column","settings":{"image":"shopify:\/\/shop_images\/img_06_150x150_crop_top_fb6fdab6-2000-4339-b509-2eedcc7ac3c1.png","image_ratio":"adapt","bg_border_img_color":"rgba(0,0,0,0)","border_width":0,"link":"shopify:\/\/collections\/bars"}},"d80255e5-870c-4e3e-b6d2-14cace42c89c":{"type":"column","settings":{"image":"shopify:\/\/shop_images\/Group_943.png","image_ratio":"adapt","bg_border_img_color":"rgba(0,0,0,0)","border_width":0,"link":"shopify:\/\/collections\/candies"}},"f42bdeb7-fdbf-48ac-9d0f-6c52689c0413":{"type":"column","settings":{"image":"shopify:\/\/shop_images\/img_03_150x150_crop_top_9f10ced8-1d83-46b9-9ea6-48c665c5e4fa.png","image_ratio":"adapt","bg_border_img_color":"rgba(0,0,0,0)","border_width":0,"link":"shopify:\/\/collections\/chocolate"}},"570ee08f-e65c-4c7e-b003-a6cbf61bbf0d":{"type":"column","settings":{"image":"shopify:\/\/shop_images\/Group_942.png","image_ratio":"adapt","bg_border_img_color":"rgba(0,0,0,0)","border_width":0,"link":"shopify:\/\/collections\/gummy-candy"}},"d1a13cd0-a340-4018-9185-e70f7a63f577":{"type":"column","settings":{"image":"shopify:\/\/shop_images\/Group_945.png","image_ratio":"adapt","bg_border_img_color":"rgba(0,0,0,0)","border_width":0,"link":"shopify:\/\/collections\/sweet-box"}},"bc3f21b1-ccf7-43f5-a03e-6569caa8a95b":{"type":"column","settings":{"image":"shopify:\/\/shop_images\/Group_941.png","image_ratio":"adapt","bg_border_img_color":"rgba(0,0,0,0)","border_width":0,"link":"shopify:\/\/collections\/gummy-candy"}}},"block_order":["template--15978104455318__7306935c-4eb1-4ca3-8a0c-723ad1fd08a0-1679316784c46fa2af-0","template--15978104455318__7306935c-4eb1-4ca3-8a0c-723ad1fd08a0-1679316784c46fa2af-1","template--15978104455318__7306935c-4eb1-4ca3-8a0c-723ad1fd08a0-1679316784c46fa2af-2","d80255e5-870c-4e3e-b6d2-14cace42c89c","f42bdeb7-fdbf-48ac-9d0f-6c52689c0413","570ee08f-e65c-4c7e-b003-a6cbf61bbf0d","d1a13cd0-a340-4018-9185-e70f7a63f577","bc3f21b1-ccf7-43f5-a03e-6569caa8a95b"],"settings":{"box_type":"box","section_width":1200,"section_fluid_width":1880,"title":"We’ve worked with","section_heading_scale":100,"subtitle":"","section_subtitle_scale":100,"description":"","section_description_scale":100,"heading_alignment":"center","inverted":false,"columns_desktop":6,"spacing_grid_horizontal":30,"enable_desktop_slider":true,"off_carousel_counter":true,"nav_style_type":"type_1","button_label":"","button_link":"","color_scheme":"background-1","customColor":false,"bg_color":"#e10000","container_color_scheme":"background-1","section_custom_color":false,"bg_section_color":"#f4f4f4","bg_color_opacity":1,"columns_mobile":"2","swipe_on_mobile":false,"desktop_section_padding":"3rem 3rem 3rem 3rem","desktopContainerPadding":"2rem 50px 2rem 50px","mobile_section_padding":"1rem 1rem 1rem 1rem","mobileContainerPadding":"1rem 1rem 1rem 1rem"}}},"order":["main","a7fcb435-4e4e-4cfc-913c-10d8bc37cbe0","2af431c3-f7b7-407e-8eef-50dcfbf64ff5","5b25b5ba-a037-44cd-b1e1-9b6618fdaec0","4383b3c5-0b94-4d6c-96a2-2f521dda359b","d3aaf66c-2844-4236-b5cc-d6dafc6cd35c","0eaa95d2-3b81-4e31-889f-d7d54a7fcc7e","83e19c40-a13b-4961-a811-85b61d873c40","4b258a58-faf2-4e93-8473-284fc6715b53","7306935c-4eb1-4ca3-8a0c-723ad1fd08a0"]}