{"sections":{"main":{"type":"main-page","disabled":true,"settings":{"padding_top":36,"padding_bottom":36}},"0d90ce16-4ad1-466c-a8f9-ec3b91736674":{"type":"zmz-video-background","blocks":{"dfa439f5-d05f-47e0-bb58-ab2ece479bf0":{"type":"video","settings":{"video_link":"https:\/\/cdn.shopify.com\/videos\/c\/o\/v\/08f61aff64704ad3ba5e9b8aedc5ac28.mp4","text_alignment":"center","contentHorizontal":"contentCenter","v_cpos":"center","subtitle":"2024 COLLECTION","subtitle_color":"#222222","section_subtitle_scale":116,"title":"New Arrivals","caption_size":"h2","title_color":"#222222","section_heading_scale":144,"text":"<p>Whether you’re looking for new chew toys to keep your fur baby entertained or <br\/>want to pick up some accessories to add to their everyday look, we have it all. <\/p>","text_color":"#222222","section_description_scale":126,"margin_title":2,"margin_subtitle":0,"margin_text":0,"margin_btn":4,"link_label":"DISCOVER NOW","link":"shopify:\/\/collections\/all","useButton":true,"btn_bg_color":"#222222","btn_border_color":"#222222","btn_text_color":"#ffffff","btn_bg_color_hover":"#222222","btn_border_color_hover":"#222222","btn_text_color_hover":"#ffffff","zmz_btn_size":"zmz-btn-lg"}}},"block_order":["dfa439f5-d05f-47e0-bb58-ab2ece479bf0"],"custom_css":[".zmz-btn-lg {margin-top: 3rem;}",".videoBackground {margin-bottom: 5rem;}"],"settings":{}},"6492533a-9ed1-4828-a275-e6479417dc49":{"type":"slideshow","blocks":{"template--15842706555055__6492533a-9ed1-4828-a275-e6479417dc49-16764779592660d88a-0":{"type":"slide","settings":{"image":"shopify:\/\/shop_images\/slide_2.png","subtitle":"2024 COLLECTION","subtitle_color":"#222222","section_subtitle_scale":100,"title":"Best sellers","caption_size":"h1","title_color":"#222222","section_heading_scale":111,"text":"<p>A great selection of pets clothing<\/p>","text_color":"#222222","section_description_scale":113,"button_label":"DISCOVER NOW","link":"shopify:\/\/collections\/all","banner_link":false,"btn_bg_color":"#fe490b","btn_border_color":"#fe490b","btn_text_color":"#ffffff","btn_bg_color_hover":"#ffffff","btn_border_color_hover":"#222222","btn_text_color_hover":"#222222","zmz_btn_size":"zmz-btn-lg","box_align":"middle-left","show_text_box":true,"banner_box_width":54.5,"text_box_opacity":0,"text_alignment":"left","image_overlay_opacity":0,"color_scheme":"background-1","text_alignment_mobile":"center","margin_title":2,"margin_subtitle":0,"margin_text":0,"margin_btn":3}},"template--15842706555055__6492533a-9ed1-4828-a275-e6479417dc49-16764779592660d88a-1":{"type":"slide","settings":{"image":"shopify:\/\/shop_images\/slide_1.png","subtitle":"2024 COLLECTION","subtitle_color":"#222222","section_subtitle_scale":100,"title":"New Arrivals","caption_size":"h1","title_color":"#222222","section_heading_scale":100,"text":"<p>Up to 40% off on all items<\/p>","text_color":"#222222","section_description_scale":129,"button_label":"DISCOVER NOW","link":"shopify:\/\/collections\/candies","banner_link":false,"btn_bg_color":"#fe490b","btn_border_color":"#fe490b","btn_text_color":"#ffffff","btn_bg_color_hover":"#ffffff","btn_border_color_hover":"#222222","btn_text_color_hover":"#222222","zmz_btn_size":"zmz-btn-lg","box_align":"middle-left","show_text_box":true,"banner_box_width":54.5,"text_box_opacity":0,"text_alignment":"left","image_overlay_opacity":0,"color_scheme":"background-1","text_alignment_mobile":"center","margin_title":2,"margin_subtitle":0,"margin_text":0,"margin_btn":3}}},"block_order":["template--15842706555055__6492533a-9ed1-4828-a275-e6479417dc49-16764779592660d88a-0","template--15842706555055__6492533a-9ed1-4828-a275-e6479417dc49-16764779592660d88a-1"],"settings":{"layout":"full_bleed","slide_height":"adapt_image","slider_visual":"dots","auto_rotate":true,"change_slides_speed":7,"show_text_below":false,"accessibility_info":"Slideshow about our brand"}},"b951fcdd-c0d8-4670-a454-899117e57518":{"type":"zmz-banners","blocks":{"template--14893986152490__b951fcdd-c0d8-4670-a454-899117e57518-167680770765654e10-0":{"type":"banner","settings":{"image":"shopify:\/\/shop_images\/Rectangle_35.png","image_width":"full","image_ratio":"square","image_overlay_opacity":0,"banner_style":"standard","contentHorizontal":"contentCenter","reverse_cpos":"column","columns_desktop":"2","link_type_banner":false,"caption_max_width":false,"text_alignment":"center","v_cpos":"center","background_style":"primary","bg_custom_color":"","bg_color_opacity":0,"subtitle":"","subtitle_color":"#000000","section_subtitle_scale":100,"title":"New in this week","caption_size":"h2","title_color":"#222222","section_heading_scale":135,"text":"<p>Sale up to 50% off!<\/p>","text_color":"#7b7b7b","section_description_scale":115,"code":"","card_padding":"0rem 0rem 0rem 0rem","caption_padding":"3.4rem 0rem 0rem 0rem","margin_title":0,"margin_subtitle":0,"margin_text":1,"margin_btn":4,"link_label":"DISCOVER NOW","link":"shopify:\/\/collections\/candies","useButton":false,"btn_bg_color":"#000000","btn_border_color":"#000000","btn_text_color":"#ffffff","btn_bg_color_hover":"#000000","btn_border_color_hover":"#000000","btn_text_color_hover":"#ffffff","zmz_btn_size":"zmz-btn-md","custom_class":"","text_alignment_mobile":"center","mobile_image_ratio":"adapt","off_overlay_mobile":false,"caption_mobile_padding":"1rem 1rem 1rem 1rem","mob_margin_title":2,"mob_margin_subtitle":2,"mob_margin_text":2,"mob_margin_btn":2}},"template--14893986152490__b951fcdd-c0d8-4670-a454-899117e57518-167680770765654e10-1":{"type":"banner","settings":{"image":"shopify:\/\/shop_images\/Rectangle_36.png","image_width":"full","image_ratio":"square","image_overlay_opacity":0,"banner_style":"standard","contentHorizontal":"contentCenter","reverse_cpos":"column","columns_desktop":"2","link_type_banner":false,"caption_max_width":false,"text_alignment":"center","v_cpos":"center","background_style":"primary","bg_custom_color":"","bg_color_opacity":0,"subtitle":"","subtitle_color":"#000000","section_subtitle_scale":100,"title":"New in this week","caption_size":"h2","title_color":"#222222","section_heading_scale":135,"text":"<p>Sale up to 50% off!<\/p>","text_color":"#7b7b7b","section_description_scale":115,"code":"","card_padding":"0rem 0rem 0rem 0rem","caption_padding":"3.4rem 0rem 0rem 0rem","margin_title":0,"margin_subtitle":0,"margin_text":1,"margin_btn":3,"link_label":"DISCOVER NOW","link":"shopify:\/\/pages\/about-us-2","useButton":false,"btn_bg_color":"#000000","btn_border_color":"#000000","btn_text_color":"#ffffff","btn_bg_color_hover":"#000000","btn_border_color_hover":"#000000","btn_text_color_hover":"#ffffff","zmz_btn_size":"zmz-btn-md","custom_class":"","text_alignment_mobile":"center","mobile_image_ratio":"adapt","off_overlay_mobile":false,"caption_mobile_padding":"1rem 1rem 1rem 1rem","mob_margin_title":2,"mob_margin_subtitle":2,"mob_margin_text":2,"mob_margin_btn":2}}},"block_order":["template--14893986152490__b951fcdd-c0d8-4670-a454-899117e57518-167680770765654e10-0","template--14893986152490__b951fcdd-c0d8-4670-a454-899117e57518-167680770765654e10-1"],"settings":{"box_type":"box","section_width":1200,"section_fluid_width":1880,"title":"New in this week","section_heading_scale":100,"subtitle":"SAVE 10%ON PETS CLOTHING","section_subtitle_scale":100,"description":"","section_description_scale":100,"heading_alignment":"center","spacing_grid_horizontal":30,"inverted":false,"button_label":"","button_link":"","color_scheme":"background-1","customColor":false,"bg_color":"","container_color_scheme":"background-1","section_custom_color":false,"bg_section_color":"","bg_color_opacity":0,"desktop_section_padding":"10rem 0 0 0","desktopContainerPadding":"1rem 1rem 1rem 1rem","columns_mobile":"1","swipe_on_mobile":false,"mobile_section_padding":"0 0 0 0","mobileContainerPadding":"1rem 1rem 1rem 1rem"}},"0b028108-11d0-431e-91b9-fd48d263785c":{"type":"zmz-banners","blocks":{"template--14892170739754__0b028108-11d0-431e-91b9-fd48d263785c-1676640451469326dc-0":{"type":"banner","settings":{"image":"shopify:\/\/shop_images\/slide_3.png","image_width":"full","image_ratio":"adapt","image_overlay_opacity":0,"banner_style":"overlay","contentHorizontal":"contentLeft","reverse_cpos":"column","columns_desktop":"1","link_type_banner":false,"caption_max_width":false,"text_alignment":"left","v_cpos":"center","background_style":"none","bg_custom_color":"","bg_color_opacity":0.1,"subtitle":"FINAL SALE!","subtitle_color":"#222222","section_subtitle_scale":100,"title":"Up to 40% off on all items","caption_size":"h1","title_color":"#222222","section_heading_scale":115,"text":"","text_color":"#222222","section_description_scale":100,"code":"","card_padding":"0rem 0rem 0rem 0rem","caption_padding":"0rem 2rem 0rem 2rem","margin_title":1,"margin_subtitle":0,"margin_text":1,"margin_btn":4,"link_label":"DISCOVER NOW","link":"shopify:\/\/collections\/chocolate","useButton":true,"btn_bg_color":"#fe490b","btn_border_color":"#fe490b","btn_text_color":"#ffffff","btn_bg_color_hover":"#222222","btn_border_color_hover":"#222222","btn_text_color_hover":"#ffffff","zmz_btn_size":"zmz-btn-md","custom_class":"","text_alignment_mobile":"center","mobile_image_ratio":"adapt","off_overlay_mobile":true,"caption_mobile_padding":"0em 3rem 1rem 3rem","mob_margin_title":1,"mob_margin_subtitle":0,"mob_margin_text":1,"mob_margin_btn":2}}},"block_order":["template--14892170739754__0b028108-11d0-431e-91b9-fd48d263785c-1676640451469326dc-0"],"settings":{"box_type":"box","section_width":1200,"section_fluid_width":1880,"title":"","section_heading_scale":100,"subtitle":"","section_subtitle_scale":100,"description":"","section_description_scale":100,"heading_alignment":"center","spacing_grid_horizontal":2,"inverted":false,"button_label":"","button_link":"","color_scheme":"background-1","customColor":false,"bg_color":"","container_color_scheme":"background-1","section_custom_color":false,"bg_section_color":"","bg_color_opacity":0.1,"desktop_section_padding":"3rem 3rem 3rem 3rem","desktopContainerPadding":"0 0 0 0","columns_mobile":"1","swipe_on_mobile":false,"mobile_section_padding":"0 0 0 0","mobileContainerPadding":"0 0 0 0"}},"5995ce09-f0f4-4f26-9adc-47924bf4c70e":{"type":"zmz-banners","blocks":{"template--14893986152490__5995ce09-f0f4-4f26-9adc-47924bf4c70e-1676815644c5213003-0":{"type":"banner","settings":{"image":"shopify:\/\/shop_images\/Rectangle_35_2.png","image_width":"full","image_ratio":"square","image_overlay_opacity":0,"banner_style":"overlay","contentHorizontal":"contentCenter","reverse_cpos":"column","columns_desktop":"3","link_type_banner":true,"caption_max_width":false,"text_alignment":"center","v_cpos":"center","background_style":"primary","bg_custom_color":"","bg_color_opacity":0,"subtitle":"","subtitle_color":"#000000","section_subtitle_scale":100,"title":"","caption_size":"h1","title_color":"#000000","section_heading_scale":100,"text":"","text_color":"#000000","section_description_scale":100,"code":"","card_padding":"0rem 0rem 0rem 0rem","caption_padding":"0rem 0rem 0rem 0rem","margin_title":0,"margin_subtitle":0,"margin_text":0,"margin_btn":0,"link_label":"CANDIES","link":"shopify:\/\/collections\/candies","useButton":true,"btn_bg_color":"#ffffff","btn_border_color":"#ffffff","btn_text_color":"#222222","btn_bg_color_hover":"#ffffff","btn_border_color_hover":"#ffffff","btn_text_color_hover":"#222222","zmz_btn_size":"zmz-btn-lg","custom_class":"","text_alignment_mobile":"center","mobile_image_ratio":"adapt","off_overlay_mobile":false,"caption_mobile_padding":"1rem 1rem 1rem 1rem","mob_margin_title":2,"mob_margin_subtitle":2,"mob_margin_text":2,"mob_margin_btn":2}},"template--14893986152490__5995ce09-f0f4-4f26-9adc-47924bf4c70e-1676815644c5213003-1":{"type":"banner","settings":{"image":"shopify:\/\/shop_images\/Rectangle_35.png","image_width":"full","image_ratio":"circle","image_overlay_opacity":0,"banner_style":"overlay","contentHorizontal":"contentCenter","reverse_cpos":"column","columns_desktop":"3","link_type_banner":true,"caption_max_width":false,"text_alignment":"center","v_cpos":"center","background_style":"primary","bg_custom_color":"","bg_color_opacity":0,"subtitle":"","subtitle_color":"#000000","section_subtitle_scale":100,"title":"SALE","caption_size":"h2","title_color":"#ffffff","section_heading_scale":100,"text":"","text_color":"#000000","section_description_scale":100,"code":"","card_padding":"0rem 0rem 0rem 0rem","caption_padding":"0rem 0rem 0rem 0rem","margin_title":0,"margin_subtitle":0,"margin_text":0,"margin_btn":2,"link_label":"","link":"shopify:\/\/blogs\/blog","useButton":false,"btn_bg_color":"#ffffff","btn_border_color":"#ffffff","btn_text_color":"#222222","btn_bg_color_hover":"#ffffff","btn_border_color_hover":"#ffffff","btn_text_color_hover":"#222222","zmz_btn_size":"zmz-btn-lg","custom_class":"","text_alignment_mobile":"center","mobile_image_ratio":"adapt","off_overlay_mobile":false,"caption_mobile_padding":"1rem 1rem 1rem 1rem","mob_margin_title":2,"mob_margin_subtitle":2,"mob_margin_text":2,"mob_margin_btn":2}},"template--14893986152490__5995ce09-f0f4-4f26-9adc-47924bf4c70e-1676815644c5213003-2":{"type":"banner","settings":{"image":"shopify:\/\/shop_images\/Rectangle_36.png","image_width":"full","image_ratio":"square","image_overlay_opacity":0,"banner_style":"overlay","contentHorizontal":"contentCenter","reverse_cpos":"column","columns_desktop":"3","link_type_banner":true,"caption_max_width":false,"text_alignment":"center","v_cpos":"center","background_style":"primary","bg_custom_color":"","bg_color_opacity":0,"subtitle":"","subtitle_color":"#000000","section_subtitle_scale":100,"title":"","caption_size":"h1","title_color":"#000000","section_heading_scale":100,"text":"","text_color":"#000000","section_description_scale":100,"code":"","card_padding":"0rem 0rem 0rem 0rem","caption_padding":"0rem 0rem 0rem 0rem","margin_title":0,"margin_subtitle":0,"margin_text":0,"margin_btn":0,"link_label":"Sweet Box","link":"shopify:\/\/collections\/sweet-box","useButton":true,"btn_bg_color":"#ffffff","btn_border_color":"#ffffff","btn_text_color":"#222222","btn_bg_color_hover":"#ffffff","btn_border_color_hover":"#ffffff","btn_text_color_hover":"#222222","zmz_btn_size":"zmz-btn-lg","custom_class":"","text_alignment_mobile":"center","mobile_image_ratio":"adapt","off_overlay_mobile":false,"caption_mobile_padding":"1rem 1rem 1rem 1rem","mob_margin_title":2,"mob_margin_subtitle":2,"mob_margin_text":2,"mob_margin_btn":2}}},"block_order":["template--14893986152490__5995ce09-f0f4-4f26-9adc-47924bf4c70e-1676815644c5213003-0","template--14893986152490__5995ce09-f0f4-4f26-9adc-47924bf4c70e-1676815644c5213003-1","template--14893986152490__5995ce09-f0f4-4f26-9adc-47924bf4c70e-1676815644c5213003-2"],"settings":{"box_type":"box","section_width":1200,"section_fluid_width":1880,"title":"","section_heading_scale":100,"subtitle":"","section_subtitle_scale":100,"description":"","section_description_scale":100,"heading_alignment":"center","spacing_grid_horizontal":30,"inverted":false,"button_label":"","button_link":"","color_scheme":"background-1","customColor":false,"bg_color":"","container_color_scheme":"background-1","section_custom_color":false,"bg_section_color":"","bg_color_opacity":0,"desktop_section_padding":"5rem 0 0 0","desktopContainerPadding":"5rem 1rem 1rem 1rem","columns_mobile":"1","swipe_on_mobile":false,"mobile_section_padding":"0 0 0 0","mobileContainerPadding":"0rem 0rem 0rem 0rem"}},"2d346467-f483-4f46-8a08-02223d3fb625":{"type":"image-with-text","blocks":{"38d861a6-a260-4229-90d6-7e58cbc7df22":{"type":"caption","settings":{"caption":"COLLECTION 2023","text_style":"subtitle","text_size":"medium"}},"template--14929685381162__2d346467-f483-4f46-8a08-02223d3fb625-168450930356ce68fe-0":{"type":"heading","settings":{"heading":"The latest trends in fashion","heading_size":"h0"}},"63ce8415-1a1d-4a4f-9c3b-1db6d75751de":{"type":"text","settings":{"text":"<p>Whether you’re looking for new chew toys to keep your fur baby entertained or want to pick up some accessories to add to their everyday look, we have it all. <\/p>","text_style":"body"}},"template--14929685381162__2d346467-f483-4f46-8a08-02223d3fb625-168450930356ce68fe-2":{"type":"button","settings":{"button_label":"DISCOVER NOW","button_link":"shopify:\/\/collections\/small-pets","button_style_secondary":false}}},"block_order":["38d861a6-a260-4229-90d6-7e58cbc7df22","template--14929685381162__2d346467-f483-4f46-8a08-02223d3fb625-168450930356ce68fe-0","63ce8415-1a1d-4a4f-9c3b-1db6d75751de","template--14929685381162__2d346467-f483-4f46-8a08-02223d3fb625-168450930356ce68fe-2"],"settings":{"image":"shopify:\/\/shop_images\/rhubarb_and_custard_boiled_sweets_2.png","height":"adapt","desktop_image_width":"medium","layout":"image_first","desktop_content_position":"top","desktop_content_alignment":"left","content_layout":"no-overlap","color_scheme":"background-1","mobile_content_alignment":"left","padding_top":36,"padding_bottom":36}},"f974a461-a789-4497-a780-bf4d6a6e0e6a":{"type":"zmz-collage","blocks":{"d067c295-176d-4f84-ac08-f31a455f58f4":{"type":"image","settings":{"image":"shopify:\/\/shop_images\/rhubarb_and_custard_boiled_sweets_1.png","caption_max_width":false,"text_alignment":"center","v_cpos":"center","bg_custom_color":"rgba(0,0,0,0)","bg_color_opacity":0,"subtitle":"","subtitle_color":"#222222","section_subtitle_scale":100,"title":"","caption_size":"h1","title_color":"#222222","section_heading_scale":100,"text":"","text_color":"#222222","section_description_scale":100,"code":"","caption_padding":"0rem 0rem 0rem 0rem","margin_title":0,"margin_subtitle":0,"margin_text":0,"margin_btn":0,"link_label":"Sweet Box","link":"shopify:\/\/collections\/sweet-box","link_type_banner":false,"useButton":true,"btn_bg_color":"#ffffff","btn_border_color":"#ffffff","btn_text_color":"#222222","btn_bg_color_hover":"#222222","btn_border_color_hover":"#222222","btn_text_color_hover":"#ffffff","zmz_btn_size":"zmz-btn-lg","custom_class":"","text_alignment_mobile":"center","caption_mobile_padding":"1rem 1rem 1rem 1rem","mob_margin_title":0,"mob_margin_subtitle":0,"mob_margin_text":0,"mob_margin_btn":0}},"8d715c6e-27d2-46d6-aa31-96867f2c13ad":{"type":"collection","settings":{"collection":"chocolate","btn_bg_color":"#222222","btn_border_color":"#222222","btn_text_color":"#ffffff","btn_bg_color_hover":"#222222","btn_border_color_hover":"#222222","btn_text_color_hover":"#ffffff","zmz_btn_size":"zmz-btn-md"}},"51c2eb53-fb57-467d-ac59-a1ab5703b6e7":{"type":"image","settings":{"image":"shopify:\/\/shop_images\/rose_flavoured_boiled_sweets_1.png","caption_max_width":false,"text_alignment":"center","v_cpos":"center","bg_custom_color":"","bg_color_opacity":0,"subtitle":"","subtitle_color":"#222222","section_subtitle_scale":100,"title":"","caption_size":"h1","title_color":"#222222","section_heading_scale":100,"text":"","text_color":"#222222","section_description_scale":100,"code":"","caption_padding":"0rem 0rem 0rem 0rem","margin_title":0,"margin_subtitle":0,"margin_text":0,"margin_btn":0,"link_label":"CANDIES","link":"shopify:\/\/collections\/candies","link_type_banner":false,"useButton":true,"btn_bg_color":"#ffffff","btn_border_color":"#ffffff","btn_text_color":"#222222","btn_bg_color_hover":"#222222","btn_border_color_hover":"#222222","btn_text_color_hover":"#ffffff","zmz_btn_size":"zmz-btn-lg","custom_class":"","text_alignment_mobile":"center","caption_mobile_padding":"1rem 1rem 1rem 1rem","mob_margin_title":0,"mob_margin_subtitle":0,"mob_margin_text":0,"mob_margin_btn":0}},"0f4e3b1d-dd14-4271-b072-d96fecd16702":{"type":"image","settings":{"image":"shopify:\/\/shop_images\/cinnamon_biscuits_coated_in_chocolate_3.png","caption_max_width":false,"text_alignment":"center","v_cpos":"center","bg_custom_color":"","bg_color_opacity":0,"subtitle":"","subtitle_color":"#222222","section_subtitle_scale":100,"title":"","caption_size":"h1","title_color":"#222222","section_heading_scale":100,"text":"","text_color":"#222222","section_description_scale":100,"code":"","caption_padding":"0rem 0rem 0rem 0rem","margin_title":0,"margin_subtitle":0,"margin_text":0,"margin_btn":0,"link_label":"SALE","link":"shopify:\/\/collections\/chocolate","link_type_banner":false,"useButton":true,"btn_bg_color":"#ffffff","btn_border_color":"#ffffff","btn_text_color":"#222222","btn_bg_color_hover":"#222222","btn_border_color_hover":"#222222","btn_text_color_hover":"#ffffff","zmz_btn_size":"zmz-btn-lg","custom_class":"","text_alignment_mobile":"center","caption_mobile_padding":"1rem 1rem 1rem 1rem","mob_margin_title":0,"mob_margin_subtitle":0,"mob_margin_text":0,"mob_margin_btn":0}},"b1ba5b13-6253-4ebb-8983-4dc01a53525a":{"type":"image","settings":{"image":"shopify:\/\/shop_images\/Rectangle_36.png","caption_max_width":false,"text_alignment":"center","v_cpos":"flex-end","bg_custom_color":"","bg_color_opacity":0,"subtitle":"FINAL SALE!","subtitle_color":"#222222","section_subtitle_scale":100,"title":"Up to 40% off on all items","caption_size":"h2","title_color":"#222222","section_heading_scale":100,"text":"","text_color":"#222222","section_description_scale":100,"code":"","caption_padding":"1rem 1rem 1rem 1rem","margin_title":1,"margin_subtitle":2,"margin_text":1,"margin_btn":1,"link_label":"VIEW NOW","link":"shopify:\/\/products\/confiserie-afchain-betises-from-cambrai","link_type_banner":false,"useButton":false,"btn_bg_color":"#222222","btn_border_color":"#222222","btn_text_color":"#ffffff","btn_bg_color_hover":"#222222","btn_border_color_hover":"#222222","btn_text_color_hover":"#ffffff","zmz_btn_size":"zmz-btn-md","custom_class":"","text_alignment_mobile":"center","caption_mobile_padding":"1rem 1rem 1rem 1rem","mob_margin_title":2,"mob_margin_subtitle":2,"mob_margin_text":2,"mob_margin_btn":2}}},"block_order":["d067c295-176d-4f84-ac08-f31a455f58f4","8d715c6e-27d2-46d6-aa31-96867f2c13ad","51c2eb53-fb57-467d-ac59-a1ab5703b6e7","0f4e3b1d-dd14-4271-b072-d96fecd16702","b1ba5b13-6253-4ebb-8983-4dc01a53525a"],"settings":{"box_type":"box","section_width":1200,"section_fluid_width":1820,"horizontal_layout":"left","collage_layout":"mediumBlock","card_styles":"none","color_scheme":"background-1","title":"Supplements Section","section_heading_scale":100,"subtitle":"","section_subtitle_scale":100,"description":"A great selection of pets clothing","section_description_scale":100,"heading_alignment":"center","inverted":false,"spacing_grid_horizontal":30,"padding_top":0,"padding_bottom":0,"mobile_layout":"column","mobile_image_ratio_collage":"adapt"}},"df530998-a126-455d-8d95-8b65ba847df9":{"type":"zmz-multicolumn","blocks":{"template--14904680742954__df530998-a126-455d-8d95-8b65ba847df9-1679061558f8363f11-0":{"type":"column","settings":{"customHtml":"","title":"Save 10%","title_color":"#222222","section_heading_scale":120,"text":"<p>Whether you’re looking for new chew toys to keep your fur baby entertained or want to pick up some accessories to add to their everyday look, we have it all. <\/p>","text_color":"#7b7b7b","section_description_scale":112,"bg_border_img_color":"rgba(0,0,0,0)","image_padding":0,"info_padding_top":1,"info_padding_bottom":1,"link_label":"DISCOVER NOW","link":"shopify:\/\/collections","useButton":false,"btn_bg_color":"#222222","btn_border_color":"#222222","btn_text_color":"#ffffff","btn_bg_color_hover":"#222222","btn_border_color_hover":"#222222","btn_text_color_hover":"#ffffff","zmz_btn_size":"zmz-btn-md","button_fullwidth":false,"show_social":false,"social_facebook_link":"","social_instagram_link":"","social_youtube_link":"","social_tiktok_link":"","social_twitter_link":"","social_snapchat_link":"","social_style":"color","info_padding_top_mob":1,"info_padding_bottom_mob":1}},"template--14904680742954__df530998-a126-455d-8d95-8b65ba847df9-1679061558f8363f11-1":{"type":"column","settings":{"image":"shopify:\/\/shop_images\/confiserie_afchain_-_betises_from_cambrai_2.png","customHtml":"","title":"","title_color":"#222222","section_heading_scale":100,"text":"","text_color":"#222222","section_description_scale":100,"bg_border_img_color":"rgba(0,0,0,0)","image_padding":0,"info_padding_top":1,"info_padding_bottom":1,"link_label":"CANDIES","link":"shopify:\/\/collections\/candies","useButton":true,"btn_bg_color":"#fe490b","btn_border_color":"#fe490b","btn_text_color":"#ffffff","btn_bg_color_hover":"#222222","btn_border_color_hover":"#222222","btn_text_color_hover":"#ffffff","zmz_btn_size":"zmz-btn-md","button_fullwidth":true,"show_social":false,"social_facebook_link":"","social_instagram_link":"","social_youtube_link":"","social_tiktok_link":"","social_twitter_link":"","social_snapchat_link":"","social_style":"color","info_padding_top_mob":1,"info_padding_bottom_mob":1}},"template--14904680742954__df530998-a126-455d-8d95-8b65ba847df9-1679061558f8363f11-2":{"type":"column","settings":{"image":"shopify:\/\/shop_images\/biscuiterie_jules_destrooper_-_almond_thins_3.png","customHtml":"","title":"","title_color":"#222222","section_heading_scale":100,"text":"","text_color":"#222222","section_description_scale":100,"bg_border_img_color":"rgba(0,0,0,0)","image_padding":0,"info_padding_top":1,"info_padding_bottom":1,"link_label":"Sweet Box","link":"shopify:\/\/collections\/sweet-box","useButton":true,"btn_bg_color":"#fe490b","btn_border_color":"#fe490b","btn_text_color":"#ffffff","btn_bg_color_hover":"#222222","btn_border_color_hover":"#222222","btn_text_color_hover":"#ffffff","zmz_btn_size":"zmz-btn-md","button_fullwidth":true,"show_social":false,"social_facebook_link":"","social_instagram_link":"","social_youtube_link":"","social_tiktok_link":"","social_twitter_link":"","social_snapchat_link":"","social_style":"color","info_padding_top_mob":1,"info_padding_bottom_mob":1}}},"block_order":["template--14904680742954__df530998-a126-455d-8d95-8b65ba847df9-1679061558f8363f11-0","template--14904680742954__df530998-a126-455d-8d95-8b65ba847df9-1679061558f8363f11-1","template--14904680742954__df530998-a126-455d-8d95-8b65ba847df9-1679061558f8363f11-2"],"settings":{"box_type":"box","section_width":1200,"section_fluid_width":1880,"title":"Best sellers","section_heading_scale":100,"subtitle":"","section_subtitle_scale":100,"description":"","section_description_scale":100,"heading_alignment":"center","inverted":false,"image_width":"full","image_ratio":"adapt","columns_desktop":3,"spacing_grid_horizontal":30,"column_alignment":"left","off_carousel_counter":false,"nav_style_type":"type_1","enable_desktop_slider":false,"caption_full_width":false,"background_style":"primary","button_label":"","button_link":"","color_scheme":"background-1","customColor":false,"bg_color":"","container_color_scheme":"background-1","section_custom_color":false,"bg_section_color":"","bg_color_opacity":0.1,"columns_mobile":"1","swipe_on_mobile":false,"desktop_section_padding":"3rem 3rem 0rem 3rem","desktopContainerPadding":"2rem 2rem 2rem 2rem","mobile_section_padding":"1rem 1rem 1rem 1rem","mobileContainerPadding":"1rem 1rem 1rem 1rem"}},"aa947033-2b59-44d0-9a5e-4bb90caca51e":{"type":"zmz-lookbook-product","blocks":{"template--14928679534634__aa947033-2b59-44d0-9a5e-4bb90caca51e-16843341777d743200-0":{"type":"slide","settings":{"image":"shopify:\/\/shop_images\/slide_2.png","image_ratio":"adapt","product-1":"biscuiterie-jules-destrooper-almond-thins","position_top1":58,"position_left1":57,"product-2":"box-of-9-handcrafted-dark-chocolate-truffles","position_top2":51,"position_left2":80,"product-3":"black-water-proofing-dog-boots-pet-shoes-dogs-snow-booties","position_top3":28,"position_left3":52,"product-4":"blueberry-pet-essentials-zoo-fun-dog-collars","position_top4":20,"position_left4":20}},"8791b7e5-c82f-4d62-9bcb-b66b8bfc5c66":{"type":"slide","settings":{"image":"shopify:\/\/shop_images\/slide_3.png","image_ratio":"adapt","product-1":"cola-cubes","position_top1":41,"position_left1":70,"product-2":"hattie-blythe_s-loveberry-sherbert","position_top2":57,"position_left2":47,"product-3":"exo-terra-crystal-cave-medium","position_top3":26,"position_left3":82,"product-4":"hdp-dog-boots-blue-set-of-4-medium","position_top4":20,"position_left4":20}},"e3d4864e-7e70-4400-99a1-46baa4bf4d15":{"type":"slide","settings":{"image":"shopify:\/\/shop_images\/slide_1.png","image_ratio":"adapt","product-1":"hattie-blythe_s-loveberry-sherbert","position_top1":50,"position_left1":70,"product-2":"milk-chocolate-and-caramel-florentines","position_top2":41,"position_left2":92,"product-3":"my-alphapet-dog-poop-bags-refill-rolls","position_top3":15,"position_left3":15,"product-4":"hing-designs-the-bone-bowl-with-non-slip-rubber-feet-and-dishwasher-safe-removable-stainless-steel-bowls-pink","position_top4":20,"position_left4":20}}},"block_order":["template--14928679534634__aa947033-2b59-44d0-9a5e-4bb90caca51e-16843341777d743200-0","8791b7e5-c82f-4d62-9bcb-b66b8bfc5c66","e3d4864e-7e70-4400-99a1-46baa4bf4d15"],"settings":{"box_type":"full_width","section_width":1200,"section_fluid_width":1880,"heading":"","heading_size":"h1","style_text_align":"center","popup_product_style":"grid","columns_desktop":1,"enable_desktop_slider":true,"enable_tablet_slider":true,"enable_mobile_slider":true,"show_product_list":true,"nav_style_type":"type_2","textalign_pos":"left","caption_padding":"0rem 1rem 0rem 1rem","color_scheme":"background-1","padding_top":0,"padding_bottom":36,"caption_padding_mobile":"0rem 1rem 0rem 1rem"}},"fc38d5b2-1c57-4cbc-99d8-40480196fbe9":{"type":"zmz-lookbook-picker","blocks":{"template--14937072926762__fc38d5b2-1c57-4cbc-99d8-40480196fbe9-16872838729f7a953e-0":{"type":"slide","settings":{"product":"biscuiterie-jules-destrooper-butter-speculoos-biscuits","bullet_size":24,"position_top":45,"position_left":34,"card_design":"design-1","card_text_alignment":"left","image_ratio":"adapt","enable_quick_add":true,"badge_card_toggle":true,"show_vendor":false,"show_rating":false,"show_compare":true,"show_wishlist":true,"show_countdown":false}},"546879c9-f324-4a50-aa98-09c66ebe78ed":{"type":"slide","settings":{"product":"cola-cubes","bullet_size":40,"position_top":64,"position_left":65,"card_design":"design-1","card_text_alignment":"left","image_ratio":"adapt","enable_quick_add":true,"badge_card_toggle":true,"show_vendor":false,"show_rating":false,"show_compare":true,"show_wishlist":true,"show_countdown":false}},"7c919f47-bf93-4345-83ac-12b5ac31d6c4":{"type":"slide","settings":{"product":"hattie-blythe_s-loveberry-sherbert","bullet_size":56,"position_top":26,"position_left":71,"card_design":"design-1","card_text_alignment":"left","image_ratio":"adapt","enable_quick_add":true,"badge_card_toggle":true,"show_vendor":false,"show_rating":false,"show_compare":true,"show_wishlist":true,"show_countdown":false}}},"block_order":["template--14937072926762__fc38d5b2-1c57-4cbc-99d8-40480196fbe9-16872838729f7a953e-0","546879c9-f324-4a50-aa98-09c66ebe78ed","7c919f47-bf93-4345-83ac-12b5ac31d6c4"],"settings":{"box_type":"box","section_width":1200,"section_fluid_width":1880,"heading":"","heading_size":"h1","style_text_align":"center","nav_style_type":"type_1","image":"shopify:\/\/shop_images\/Rectangle_36.png","image_ratio":"adapt","media_position":"left","media_size":"large","color_scheme":"background-1","padding_top":36,"padding_bottom":20,"inset_space":20}},"0d16ca77-c839-46d3-b918-6d6432ffa17b":{"type":"zmz-featured-collection","blocks":{"bad4e23e-c6c2-42f6-9b0a-23f16e6e490b":{"type":"collection_tab","settings":{"block_collection_title":"","block_title":"","collection":"chocolate","card_design":"design-1","card_text_alignment":"left","image_ratio":"adapt","image_padding":0,"bg_wrap_img_color":"rgba(0,0,0,0)","bg_border_img_color":"#ffffff","show_secondary_image":false,"badge_card_toggle":true,"show_vendor":false,"show_rating":false,"enable_quick_add":false,"enable_quick_view":true,"show_compare":true,"show_wishlist":true,"show_color_link":false,"show_countdown":false}}},"block_order":["bad4e23e-c6c2-42f6-9b0a-23f16e6e490b"],"settings":{"box_type":"box","section_width":1170,"section_fluid_width":1880,"title":"Featured Collection products","section_heading_scale":100,"subtitle":"","section_subtitle_scale":100,"description":"Top sale in this week","customInfo":"","section_description_scale":100,"description_style":"body","heading_alignment":"center","inverted":false,"products_to_show":6,"columns_desktop":3,"spacing_grid_horizontal":30,"full_width":true,"show_view_all":false,"view_all_btn_text":"View all","view_all_style":"solid","use_tabs":false,"enable_desktop_slider":false,"carousel_control_type":"counter","design_type":"type_1","color_scheme":"background-1","customColor":false,"bg_color":"","container_color_scheme":"background-1","section_custom_color":false,"bg_section_color":"","bg_color_opacity":0.1,"columns_mobile":"1","swipe_on_mobile":true,"desktop_section_padding":"3rem 3rem 0rem 3rem","desktopContainerPadding":"3rem 3rem 1rem 3rem","mobile_section_padding":"1rem 1rem 1rem 1rem","mobileContainerPadding":"1rem 1rem 1rem 1rem"}},"f6402b1a-1c84-4278-82c2-aa719f931124":{"type":"zmz-featured-collection","blocks":{"feade2a4-3699-4cbd-a13f-c31493765692":{"type":"collection_tab","settings":{"block_collection_title":"","block_title":"","collection":"sweet-box","card_design":"design-1","card_text_alignment":"left","image_ratio":"portrait","image_padding":0,"bg_wrap_img_color":"","bg_border_img_color":"#ffffff","show_secondary_image":false,"badge_card_toggle":true,"show_vendor":false,"show_rating":false,"enable_quick_add":true,"enable_quick_view":true,"show_compare":true,"show_wishlist":true,"show_color_link":false,"show_countdown":true}},"3cdbc340-17a6-42e3-aac7-53fc57cf6fe3":{"type":"collection_tab","settings":{"block_collection_title":"","block_title":"","collection":"gummy-candy","card_design":"design-1","card_text_alignment":"left","image_ratio":"portrait","image_padding":0,"bg_wrap_img_color":"","bg_border_img_color":"#ffffff","show_secondary_image":false,"badge_card_toggle":true,"show_vendor":false,"show_rating":false,"enable_quick_add":true,"enable_quick_view":true,"show_compare":true,"show_wishlist":true,"show_color_link":true,"show_countdown":false}},"46887f7f-6dc7-4a6b-8a32-00c00b8dc909":{"type":"collection_tab","settings":{"block_collection_title":"","block_title":"","collection":"chocolate","card_design":"design-3","card_text_alignment":"left","image_ratio":"portrait","image_padding":0,"bg_wrap_img_color":"","bg_border_img_color":"#ffffff","show_secondary_image":false,"badge_card_toggle":true,"show_vendor":false,"show_rating":false,"enable_quick_add":true,"enable_quick_view":true,"show_compare":true,"show_wishlist":true,"show_color_link":false,"show_countdown":false}},"f6ad6721-1f92-4041-b8d4-b173bf34e49b":{"type":"collection_tab","settings":{"block_collection_title":"","block_title":"","collection":"candies","card_design":"design-4","card_text_alignment":"left","image_ratio":"portrait","image_padding":0,"bg_wrap_img_color":"","bg_border_img_color":"#ffffff","show_secondary_image":true,"badge_card_toggle":true,"show_vendor":false,"show_rating":false,"enable_quick_add":true,"enable_quick_view":true,"show_compare":true,"show_wishlist":true,"show_color_link":false,"show_countdown":false}}},"block_order":["feade2a4-3699-4cbd-a13f-c31493765692","3cdbc340-17a6-42e3-aac7-53fc57cf6fe3","46887f7f-6dc7-4a6b-8a32-00c00b8dc909","f6ad6721-1f92-4041-b8d4-b173bf34e49b"],"settings":{"box_type":"box","section_width":1170,"section_fluid_width":1880,"title":"On sale","section_heading_scale":100,"subtitle":"","section_subtitle_scale":100,"description":"","customInfo":"","section_description_scale":100,"description_style":"body","heading_alignment":"flex-start","inverted":false,"products_to_show":20,"columns_desktop":4,"spacing_grid_horizontal":30,"full_width":true,"show_view_all":true,"view_all_btn_text":"View all","view_all_style":"link","use_tabs":true,"enable_desktop_slider":true,"carousel_control_type":"navigation","design_type":"type_1","color_scheme":"background-1","customColor":false,"bg_color":"","container_color_scheme":"background-1","section_custom_color":true,"bg_section_color":"#f4f4f4","bg_color_opacity":0,"columns_mobile":"2","swipe_on_mobile":true,"desktop_section_padding":"1rem 3rem 5rem 1rem","desktopContainerPadding":"4rem 3rem 5rem 3rem","mobile_section_padding":"3rem 1rem 4rem 1rem","mobileContainerPadding":"1rem 1rem 1rem 1rem"}},"ed85d093-c6ce-4d1e-b015-ea39248d9d0d":{"type":"zmz-featured-collection","blocks":{"105e226d-7a70-4a1b-a60f-cb6af45f9eba":{"type":"collection_tab","settings":{"block_collection_title":"","block_title":"","collection":"bars","card_design":"design-2","card_text_alignment":"left","image_ratio":"portrait","image_padding":0,"bg_wrap_img_color":"","bg_border_img_color":"#7b7b7b","show_secondary_image":true,"badge_card_toggle":true,"show_vendor":false,"show_rating":false,"enable_quick_add":false,"enable_quick_view":true,"show_compare":true,"show_wishlist":true,"show_color_link":false,"show_countdown":false}}},"block_order":["105e226d-7a70-4a1b-a60f-cb6af45f9eba"],"custom_css":[".customInfo-header {margin-top: 3.2rem;}",".collection__title {padding-top: 1rem !important;}"],"settings":{"box_type":"box","section_width":1540,"section_fluid_width":1880,"title":"Our Products","section_heading_scale":100,"subtitle":"","section_subtitle_scale":100,"description":"Save 10%on pets clothing","customInfo":"<a class=\"link animate-arrow\" href=\"\/collections\/clothes\">DISCOVER NOW<span class=\"icon-wrap\"> <svg viewbox=\"0 0 14 10\" fill=\"none\" aria-hidden=\"true\" focusable=\"false\" class=\"icon icon-arrow\" xmlns=\"http:\/\/www.w3.org\/2000\/svg\">\n  <path fill-rule=\"evenodd\" clip-rule=\"evenodd\" d=\"M8.537.808a.5.5 0 01.817-.162l4 4a.5.5 0 010 .708l-4 4a.5.5 0 11-.708-.708L11.793 5.5H1a.5.5 0 010-1h10.793L8.646 1.354a.5.5 0 01-.109-.546z\" fill=\"currentColor\">\n<\/path><\/svg>\n<\/span><\/a>","section_description_scale":100,"description_style":"body","heading_alignment":"flex-start","inverted":false,"products_to_show":15,"columns_desktop":3,"spacing_grid_horizontal":15,"full_width":true,"show_view_all":false,"view_all_btn_text":"View all","view_all_style":"solid","use_tabs":false,"enable_desktop_slider":true,"carousel_control_type":"navigation","design_type":"type_4","color_scheme":"background-1","customColor":true,"bg_color":"","container_color_scheme":"background-2","section_custom_color":true,"bg_section_color":"","bg_color_opacity":0,"columns_mobile":"2","swipe_on_mobile":true,"desktop_section_padding":"0 0 0 0","desktopContainerPadding":"2rem 40px 2rem 40px","mobile_section_padding":"1rem 1rem 1rem 1rem","mobileContainerPadding":"1rem 1rem 1rem 1rem"}},"02d1c49e-30d1-40d6-b84e-b61d567c8f2d":{"type":"zmz-featured-collection-vtabs","blocks":{"bae14150-40fc-4b14-ac55-c09944f57d26":{"type":"collection_tab","settings":{"block_collection_title":"","block_title":"","collection":"baked-goods","collection_image_ratio":"square","card_design":"design-4","card_text_alignment":"left","image_ratio":"portrait","image_padding":1,"bg_wrap_img_color":"#ffffff","bg_border_img_color":"#7b7b7b","show_secondary_image":true,"badge_card_toggle":true,"show_vendor":false,"show_rating":false,"enable_quick_add":true,"enable_quick_view":true,"show_compare":true,"show_wishlist":true,"show_color_link":false,"show_countdown":false}},"687c69a2-be20-4c80-82b0-bf0c09f4b3f8":{"type":"collection_tab","settings":{"block_collection_title":"","block_title":"","collection":"bars","collection_image_ratio":"circle","card_design":"design-2","card_text_alignment":"left","image_ratio":"portrait","image_padding":0,"bg_wrap_img_color":"","bg_border_img_color":"#ffffff","show_secondary_image":true,"badge_card_toggle":true,"show_vendor":false,"show_rating":false,"enable_quick_add":false,"enable_quick_view":true,"show_compare":false,"show_wishlist":true,"show_color_link":false,"show_countdown":false}},"e8730c7b-a278-4bfb-84e3-c5efac3fd23c":{"type":"collection_tab","settings":{"block_collection_title":"","block_title":"","collection":"candies","collection_image_ratio":"square","card_design":"design-2","card_text_alignment":"left","image_ratio":"portrait","image_padding":0,"bg_wrap_img_color":"","bg_border_img_color":"#ffffff","show_secondary_image":true,"badge_card_toggle":true,"show_vendor":false,"show_rating":false,"enable_quick_add":false,"enable_quick_view":true,"show_compare":false,"show_wishlist":true,"show_color_link":false,"show_countdown":false}},"16188b0b-3768-4a59-b256-7e4541f4edb1":{"type":"collection_tab","settings":{"block_collection_title":"","block_title":"","collection":"chocolate","collection_image_ratio":"circle","card_design":"design-2","card_text_alignment":"left","image_ratio":"portrait","image_padding":0,"bg_wrap_img_color":"","bg_border_img_color":"#ffffff","show_secondary_image":true,"badge_card_toggle":true,"show_vendor":false,"show_rating":false,"enable_quick_add":false,"enable_quick_view":true,"show_compare":false,"show_wishlist":true,"show_color_link":false,"show_countdown":false}},"6b7a5e9f-8753-48ba-be61-dd55d9d30076":{"type":"collection_tab","settings":{"block_collection_title":"","block_title":"","collection":"sweet-box","collection_image_ratio":"square","card_design":"design-2","card_text_alignment":"left","image_ratio":"portrait","image_padding":0,"bg_wrap_img_color":"","bg_border_img_color":"#ffffff","show_secondary_image":true,"badge_card_toggle":true,"show_vendor":false,"show_rating":false,"enable_quick_add":false,"enable_quick_view":true,"show_compare":false,"show_wishlist":true,"show_color_link":false,"show_countdown":false}}},"block_order":["bae14150-40fc-4b14-ac55-c09944f57d26","687c69a2-be20-4c80-82b0-bf0c09f4b3f8","e8730c7b-a278-4bfb-84e3-c5efac3fd23c","16188b0b-3768-4a59-b256-7e4541f4edb1","6b7a5e9f-8753-48ba-be61-dd55d9d30076"],"settings":{"box_type":"box","section_width":1200,"section_fluid_width":1880,"title":"Up to 40% off on all items","section_heading_scale":100,"subtitle":"","section_subtitle_scale":100,"description":"","customInfo":"","section_description_scale":100,"description_style":"body","heading_alignment":"flex-start","inverted":false,"products_to_show":9,"columns_desktop":3,"spacing_grid_horizontal":15,"full_width":true,"show_view_all":false,"view_all_btn_text":"View all","view_all_style":"solid","use_tabs":true,"enable_desktop_slider":false,"carousel_control_type":"navigation","design_type":"type_1","image_ban1":"shopify:\/\/shop_images\/blog2.jpg","bg_ban1":"#222222","code_ban1":"","item_ban1_link":"","code_ban2":"<div style=\"position: absolute; left: 20px; top: 10px;\">\n<h4 class=\"mb-0\">Sale 50% OFF!<\/h4>\n<p>Shop the latest clothing!<\/p>\n<span class=\"link link-primary\">Shop now<\/span>\n<\/div>","item_ban2_link":"shopify:\/\/collections\/bars","color_scheme":"background-1","customColor":false,"bg_color":"","container_color_scheme":"background-1","section_custom_color":false,"bg_section_color":"","bg_color_opacity":0.1,"columns_mobile":"2","swipe_on_mobile":false,"desktop_section_padding":"3rem 3rem 3rem 3rem","desktopContainerPadding":"0rem 2rem 2rem 2rem","mobile_section_padding":"3rem 1rem 1rem 1rem","mobileContainerPadding":"1rem 1rem 1rem 1rem"}},"68006bd3-7e0b-45f8-92b5-b90cc71854a3":{"type":"zmz-collection-list","blocks":{"template--14906844446762__68006bd3-7e0b-45f8-92b5-b90cc71854a3-1679398350b1222dec-0":{"type":"featured_collection","settings":{"collection":"baked-goods"}},"342be1b7-cd1b-4b8d-94b8-4f5d5a9168d5":{"type":"featured_collection","settings":{"collection":"bars"}},"template--14906844446762__68006bd3-7e0b-45f8-92b5-b90cc71854a3-1679398350b1222dec-1":{"type":"featured_collection","settings":{"collection":"candies"}},"template--14906844446762__68006bd3-7e0b-45f8-92b5-b90cc71854a3-1679398350b1222dec-2":{"type":"featured_collection","settings":{"collection":"chocolate"}},"91c4f2ad-c7ef-4cc8-a55a-7b5c2a6b5db2":{"type":"featured_collection","settings":{"collection":"sweet-box"}}},"block_order":["template--14906844446762__68006bd3-7e0b-45f8-92b5-b90cc71854a3-1679398350b1222dec-0","342be1b7-cd1b-4b8d-94b8-4f5d5a9168d5","template--14906844446762__68006bd3-7e0b-45f8-92b5-b90cc71854a3-1679398350b1222dec-1","template--14906844446762__68006bd3-7e0b-45f8-92b5-b90cc71854a3-1679398350b1222dec-2","91c4f2ad-c7ef-4cc8-a55a-7b5c2a6b5db2"],"custom_css":["a.button {max-width: 170px;}"],"settings":{"page_width":1210,"use_section_width":true,"title":"Collections","heading_size":"h2","image_ratio":"portrait","columns_desktop":4,"enable_desktop_slider":true,"spacing_grid_horizontal":16,"nav_style_type":"type_2","off_carousel_counter":true,"color_scheme":"background-1","contentHorizontal":"center","banner_style":"overlay","v_cpos":"center","useButton":true,"btn_bg_color":"#ffffff","btn_border_color":"#ffffff","btn_text_color":"#222222","btn_bg_color_hover":"#222222","btn_border_color_hover":"#222222","btn_text_color_hover":"#ffffff","buttom_full_width":false,"show_view_all":false,"collection_card_style":"standard","collection_card_image_padding":0,"collection_card_color_scheme":"background-2","collection_card_border_thickness":0,"collection_card_border_opacity":0,"collection_card_corner_radius":0,"border_color":"","collection_card_shadow_opacity":10,"collection_card_shadow_horizontal_offset":0,"collection_card_shadow_vertical_offset":0,"collection_card_shadow_blur":0,"columns_mobile":"1","swipe_on_mobile":false,"padding_top":0,"padding_bottom":36}},"448afc32-caa7-4e1a-92e6-13afb87b1934":{"type":"zmz-testimonials","blocks":{"template--14893986152490__448afc32-caa7-4e1a-92e6-13afb87b1934-167681625343c87a8a-0":{"type":"column","settings":{"star":"5","starColor":"#ffdb1e","customHtml":"","title":"What a delight to find you!","section_heading_scale":100,"text":"<p>“Lorem ipsum dolor sit amet consectetur. Volutpat varius dolor ut ac porttitor tristique augue. A congue venenatis gravida.”<\/p>","section_description_scale":100,"author":"Jenny Wilson","bg_border_img_color":"#dbdbdb","image_padding":3,"info_padding_top":2,"info_padding_bottom":1.4,"link_label":"","link":"","customText":"<p>Sweater Puppy<\/p><p><strong>$39.99<\/strong><\/p>","style_type":"1"}},"template--14893986152490__448afc32-caa7-4e1a-92e6-13afb87b1934-167681625343c87a8a-1":{"type":"column","settings":{"star":"4","starColor":"#ffdb1e","customHtml":"","title":"Love it so much","section_heading_scale":100,"text":"<p>“Lorem ipsum dolor sit amet consectetur. Volutpat varius dolor ut ac porttitor tristique augue. A congue venenatis gravida.”<\/p>","section_description_scale":100,"author":"Tom Williams","bg_border_img_color":"#dbdbdb","image_padding":3,"info_padding_top":2,"info_padding_bottom":1.4,"link_label":"","link":"","customText":"<p>Sweater Puppy<\/p><p><strong>$39.99<\/strong><\/p>","style_type":"1"}},"template--14893986152490__448afc32-caa7-4e1a-92e6-13afb87b1934-167681625343c87a8a-2":{"type":"column","settings":{"star":"5","starColor":"#ffdb1e","customHtml":"","title":"Makes me happy","section_heading_scale":100,"text":"<p>“Lorem ipsum dolor sit amet consectetur. Volutpat varius dolor ut ac porttitor tristique augue. A congue venenatis gravida.”<\/p>","section_description_scale":100,"author":"Ann Miller","bg_border_img_color":"#dbdbdb","image_padding":3,"info_padding_top":2,"info_padding_bottom":1.4,"link_label":"","link":"","customText":"<p>Sweater Puppy<\/p><p><strong>$39.99<\/strong><\/p>","style_type":"1"}},"7a3511a8-caa0-4188-bc7a-16a9a65a01d3":{"type":"column","settings":{"star":"5","starColor":"#ffdb1e","customHtml":"","title":"What a delight to find you!","section_heading_scale":100,"text":"<p>“Lorem ipsum dolor sit amet consectetur. Volutpat varius dolor ut ac porttitor tristique augue. A congue venenatis gravida.”<\/p>","section_description_scale":100,"author":"Robert Brown","bg_border_img_color":"#dbdbdb","image_padding":3,"info_padding_top":2,"info_padding_bottom":1,"link_label":"","link":"","customText":"<p>Sweater Puppy<\/p><p><strong>$39.99<\/strong><\/p>","style_type":"1"}}},"block_order":["template--14893986152490__448afc32-caa7-4e1a-92e6-13afb87b1934-167681625343c87a8a-0","template--14893986152490__448afc32-caa7-4e1a-92e6-13afb87b1934-167681625343c87a8a-1","template--14893986152490__448afc32-caa7-4e1a-92e6-13afb87b1934-167681625343c87a8a-2","7a3511a8-caa0-4188-bc7a-16a9a65a01d3"],"custom_css":[".description p {color: #222222;}",".authorName {font-weight: 700; font-size: 1.4rem; color: #222222;}",".additionalInfo__info {color: #222222;}"],"settings":{"box_type":"box","section_width":1300,"section_fluid_width":1880,"title":"Testimonials","section_heading_scale":100,"subtitle":"","section_subtitle_scale":100,"description":"The section is beneficial because it provides social proof and builds trust among potential customers by showcasing positive experiences and feedback from previous shoppers.","section_description_scale":100,"heading_alignment":"center","inverted":false,"image_width":"full","image_ratio":"adapt","columns_desktop":3,"spacing_grid_horizontal":30,"column_alignment":"left","off_carousel_counter":true,"nav_style_type":"type_2","enable_desktop_slider":true,"caption_full_width":false,"background_style":"primary","button_label":"","button_link":"","color_scheme":"background-1","customColor":false,"bg_color":"","container_color_scheme":"background-1","section_custom_color":false,"bg_section_color":"","bg_color_opacity":0,"columns_mobile":"1","swipe_on_mobile":true,"desktop_section_padding":"0 0 0 0","desktopContainerPadding":"1rem 50px 1rem 50px","mobile_section_padding":"1rem 1rem 1rem 1rem","mobileContainerPadding":"1rem 1rem 1rem 1rem"}},"6b2f819b-cb79-491d-9adc-e3254dacb189":{"type":"zmz-testimonials","blocks":{"template--14892170739754__6b2f819b-cb79-491d-9adc-e3254dacb189-1676736051faff63ef-0":{"type":"column","settings":{"star":"5","starColor":"#222222","customHtml":"","title":"","section_heading_scale":100,"text":"<p>“Super, cute, comfortable. You can wear them with just about anything!”<\/p>","section_description_scale":150,"author":"Jenny Wilson","bg_border_img_color":"rgba(0,0,0,0)","image_padding":1,"info_padding_top":0,"info_padding_bottom":4.5,"link_label":"","link":"","customText":"","style_type":"1"}},"template--14892170739754__6b2f819b-cb79-491d-9adc-e3254dacb189-1676736051faff63ef-1":{"type":"column","settings":{"star":"4","starColor":"#222222","customHtml":"","title":"","section_heading_scale":100,"text":"<p>“Lorem ipsum dolor sit amet, consectetur adipiscing elit, sed do eiusmod tempor”<\/p>","section_description_scale":150,"author":"Den Brown","bg_border_img_color":"rgba(0,0,0,0)","image_padding":1,"info_padding_top":0,"info_padding_bottom":4.5,"link_label":"","link":"","customText":"","style_type":"1"}},"template--14892170739754__6b2f819b-cb79-491d-9adc-e3254dacb189-1676736051faff63ef-2":{"type":"column","settings":{"star":"5","starColor":"#222222","customHtml":"","title":"","section_heading_scale":100,"text":"<p>“Duis aute irure dolor in reprehenderit  cillum dolore eu fugiat nulla pariatur”<\/p>","section_description_scale":150,"author":"Samanta Paul","bg_border_img_color":"rgba(0,0,0,0)","image_padding":1,"info_padding_top":0,"info_padding_bottom":4.5,"link_label":"","link":"","customText":"","style_type":"1"}}},"block_order":["template--14892170739754__6b2f819b-cb79-491d-9adc-e3254dacb189-1676736051faff63ef-0","template--14892170739754__6b2f819b-cb79-491d-9adc-e3254dacb189-1676736051faff63ef-1","template--14892170739754__6b2f819b-cb79-491d-9adc-e3254dacb189-1676736051faff63ef-2"],"custom_css":[".itemTextInfo {color: #222; padding: 0 4%;}"],"settings":{"box_type":"box","section_width":800,"section_fluid_width":1000,"title":"Happy customers","section_heading_scale":100,"subtitle":"","section_subtitle_scale":100,"description":"","section_description_scale":100,"heading_alignment":"center","inverted":false,"image_width":"full","image_ratio":"adapt","columns_desktop":1,"spacing_grid_horizontal":0,"column_alignment":"center","off_carousel_counter":false,"nav_style_type":"type_1","enable_desktop_slider":true,"caption_full_width":false,"background_style":"primary","button_label":"","button_link":"","color_scheme":"background-2","customColor":false,"bg_color":"rgba(0,0,0,0)","container_color_scheme":"background-2","section_custom_color":false,"bg_section_color":"","bg_color_opacity":0.1,"columns_mobile":"1","swipe_on_mobile":true,"desktop_section_padding":"8rem  0","desktopContainerPadding":"2rem 2rem 2rem 2rem","mobile_section_padding":"3rem 1rem 3rem 1rem","mobileContainerPadding":"1rem 1rem 1rem 1rem"}},"ba23a8e3-0cde-4641-8880-1769369cda85":{"type":"zmz-blog-post","settings":{"box_type":"box","section_width":1200,"section_fluid_width":1880,"heading":"Blog Posts","heading_size":"h2","style_text_align":"flex-start","blog":"blog","post_limit":4,"columns_desktop":3,"enable_desktop_slider":true,"post_layout":"grid","textalign_pos":"left","caption_vertical_alignment":"middle","caption_padding":"0rem 0rem 0rem 0rem","show_image":true,"show_date":true,"show_author":true,"show_comments":true,"blog_show_tags":false,"blog_show_btn":false,"desc_none":false,"btn_style":"blog__button button","show_view_all":false,"color_scheme":"background-1","padding_top":72,"padding_bottom":32,"caption_padding_mobile":"0rem 1rem 0rem 1rem"}},"f5fafc2e-5e7a-4a76-a7d0-06e81276494c":{"type":"zmz-blog-post","custom_css":[".article-card-btn {margin-top: 25px;}"],"settings":{"box_type":"box","section_width":1100,"section_fluid_width":1880,"heading":"","heading_size":"h2","style_text_align":"center","blog":"blog","post_limit":3,"columns_desktop":1,"enable_desktop_slider":true,"post_layout":"list","textalign_pos":"left","caption_vertical_alignment":"middle","caption_padding":"0rem 1rem 0rem 6vw","show_image":true,"show_date":true,"show_author":true,"show_comments":true,"blog_show_tags":false,"blog_show_btn":true,"desc_none":false,"btn_style":"blog__button button","show_view_all":false,"color_scheme":"background-1","padding_top":0,"padding_bottom":36,"caption_padding_mobile":"0rem 1rem 0rem 1rem"}},"d3aaf66c-2844-4236-b5cc-d6dafc6cd35c":{"type":"zmz-icon-text","blocks":{"template--14900289699882__d3aaf66c-2844-4236-b5cc-d6dafc6cd35c-16787867615b1bda76-0":{"type":"column","settings":{"image_ratio":"adapt","image_width":6,"icon-layout":"vertical","icon_1":"ship","svgColor":"#e10000","customHtml":"","title":"Shipping Worldwide","title_color":"#232122","section_heading_scale":67,"text":"<p>Special financing and earn rewards<\/p>","text_color":"#7b7b7b","section_description_scale":119,"bg_border_img_color":"rgba(0,0,0,0)","image_padding":0,"info_padding":"1rem 1rem 1rem 0rem","link_label":"","link":"","info_padding_mob":"1rem 1rem 1rem 1rem"}},"template--14900289699882__d3aaf66c-2844-4236-b5cc-d6dafc6cd35c-16787867615b1bda76-1":{"type":"column","settings":{"image_ratio":"adapt","image_width":6,"icon-layout":"vertical","icon_1":"rotate_left","svgColor":"#ffb13d","customHtml":"","title":"14 Days Return","title_color":"#232122","section_heading_scale":67,"text":"<p>14-days free return policy<\/p>","text_color":"#7b7b7b","section_description_scale":119,"bg_border_img_color":"rgba(0,0,0,0)","image_padding":0,"info_padding":"1rem 1rem 1rem 0rem","link_label":"","link":"","info_padding_mob":"1rem 1rem 1rem 1rem"}},"template--14900289699882__d3aaf66c-2844-4236-b5cc-d6dafc6cd35c-16787867615b1bda76-2":{"type":"column","settings":{"image_ratio":"adapt","image_width":6,"icon-layout":"vertical","icon_1":"shield-tick","svgColor":"#1383df","customHtml":"","title":"Security Payment","title_color":"#232122","section_heading_scale":67,"text":"<p>We accept all major credit cards<\/p>","text_color":"#7b7b7b","section_description_scale":119,"bg_border_img_color":"rgba(0,0,0,0)","image_padding":0,"info_padding":"1rem 1rem 1rem 0rem","link_label":"","link":"","info_padding_mob":"1rem 1rem 1rem 1rem"}}},"block_order":["template--14900289699882__d3aaf66c-2844-4236-b5cc-d6dafc6cd35c-16787867615b1bda76-0","template--14900289699882__d3aaf66c-2844-4236-b5cc-d6dafc6cd35c-16787867615b1bda76-1","template--14900289699882__d3aaf66c-2844-4236-b5cc-d6dafc6cd35c-16787867615b1bda76-2"],"settings":{"box_type":"box","section_width":900,"section_fluid_width":1880,"title":"Icon + Text section","section_heading_scale":100,"subtitle":"Different design type in one section","section_subtitle_scale":130,"description":"Using section icons with text can enhance visual organization and improve reporting information to the customer.","section_description_scale":100,"heading_alignment":"center","inverted":false,"columns_desktop":3,"spacing_grid_horizontal":15,"column_alignment":"center","image_vertical_alignment":"middle","off_carousel_counter":false,"nav_style_type":"type_1","enable_desktop_slider":false,"caption_full_width":false,"background_style":"primary","button_label":"","button_link":"","color_scheme":"background-1","customColor":false,"bg_color":"","container_color_scheme":"background-1","section_custom_color":false,"bg_section_color":"","bg_color_opacity":0.1,"columns_mobile":"1","swipe_on_mobile":false,"desktop_section_padding":"3rem 0rem 0rem 0rem","desktopContainerPadding":"1rem 0rem 0rem 0rem","mobile_section_padding":"0rem 0rem 0rem 0rem","mobileContainerPadding":"0rem 0rem 0rem 0rem"}},"e25cfafd-d27a-465b-a830-cc36da8a2e15":{"type":"zmz-icon-text","blocks":{"template--14900282556458__e25cfafd-d27a-465b-a830-cc36da8a2e15-1678788489ff19caae-0":{"type":"column","settings":{"image_ratio":"adapt","image_width":4,"icon-layout":"vertical","icon_1":"truck","svgColor":"#222222","customHtml":"","title":"Free delivery","title_color":"#222222","section_heading_scale":67,"text":"<p>Free shipping for all orders<\/p>","text_color":"#7b7b7b","section_description_scale":120,"bg_border_img_color":"rgba(0,0,0,0)","image_padding":0,"info_padding":"1rem 1rem 1rem 0rem","link_label":"","link":"","info_padding_mob":"1rem 1rem 1rem 0rem"}},"template--14900282556458__e25cfafd-d27a-465b-a830-cc36da8a2e15-1678788489ff19caae-1":{"type":"column","settings":{"image_ratio":"adapt","image_width":4,"icon-layout":"vertical","icon_1":"wallet","svgColor":"#121212","customHtml":"","title":"100% Payment Secure","title_color":"#222222","section_heading_scale":67,"text":"<p>Payment 100% secured<\/p>","text_color":"#7b7b7b","section_description_scale":119,"bg_border_img_color":"rgba(0,0,0,0)","image_padding":0,"info_padding":"1rem 1rem 1rem 0rem","link_label":"","link":"","info_padding_mob":"1rem 1rem 1rem 0rem"}},"template--14900282556458__e25cfafd-d27a-465b-a830-cc36da8a2e15-1678788489ff19caae-2":{"type":"column","settings":{"image_ratio":"adapt","image_width":4,"icon-layout":"vertical","icon_1":"rotate_left","svgColor":"#121212","customHtml":"","title":"14 Days Return","title_color":"#222222","section_heading_scale":67,"text":"<p>You have 14 days to retorn<\/p>","text_color":"#7b7b7b","section_description_scale":119,"bg_border_img_color":"rgba(0,0,0,0)","image_padding":0,"info_padding":"1rem 1rem 1rem 0rem","link_label":"","link":"","info_padding_mob":"1rem 1rem 1rem 0rem"}},"e3f1d2b5-33e6-49b0-8a08-04471da28e07":{"type":"column","settings":{"image_ratio":"adapt","image_width":4,"icon-layout":"vertical","icon_1":"support","svgColor":"#121212","customHtml":"","title":"Support 24\/7","title_color":"#222222","section_heading_scale":67,"text":"<p>We support 24 hours a day<\/p>","text_color":"#7b7b7b","section_description_scale":119,"bg_border_img_color":"rgba(0,0,0,0)","image_padding":0,"info_padding":"1rem 1rem 1rem 0rem","link_label":"","link":"","info_padding_mob":"1rem 1rem 1rem 0rem"}}},"block_order":["template--14900282556458__e25cfafd-d27a-465b-a830-cc36da8a2e15-1678788489ff19caae-0","template--14900282556458__e25cfafd-d27a-465b-a830-cc36da8a2e15-1678788489ff19caae-1","template--14900282556458__e25cfafd-d27a-465b-a830-cc36da8a2e15-1678788489ff19caae-2","e3f1d2b5-33e6-49b0-8a08-04471da28e07"],"settings":{"box_type":"box","section_width":1200,"section_fluid_width":1880,"title":"","section_heading_scale":100,"subtitle":"","section_subtitle_scale":100,"description":"","section_description_scale":100,"heading_alignment":"center","inverted":false,"columns_desktop":4,"spacing_grid_horizontal":30,"column_alignment":"left","image_vertical_alignment":"middle","off_carousel_counter":false,"nav_style_type":"type_2","enable_desktop_slider":true,"caption_full_width":false,"background_style":"primary","button_label":"","button_link":"","color_scheme":"background-1","customColor":false,"bg_color":"","container_color_scheme":"background-1","section_custom_color":false,"bg_section_color":"","bg_color_opacity":0.1,"columns_mobile":"2","swipe_on_mobile":false,"desktop_section_padding":"1rem 2rem 2rem 2rem","desktopContainerPadding":"0rem 1.5rem 3rem 1.5rem","mobile_section_padding":"0rem 1.5rem 0rem 1.5rem","mobileContainerPadding":"0rem 1rem 0rem 1rem"}},"7306935c-4eb1-4ca3-8a0c-723ad1fd08a0":{"type":"zmz-logo-list","blocks":{"template--15978104455318__7306935c-4eb1-4ca3-8a0c-723ad1fd08a0-1679316784c46fa2af-0":{"type":"column","settings":{"image":"shopify:\/\/shop_images\/img_06_150x150_crop_top_fb6fdab6-2000-4339-b509-2eedcc7ac3c1.png","image_ratio":"adapt","bg_border_img_color":"rgba(0,0,0,0)","border_width":0,"link":"shopify:\/\/collections"}},"template--15978104455318__7306935c-4eb1-4ca3-8a0c-723ad1fd08a0-1679316784c46fa2af-1":{"type":"column","settings":{"image":"shopify:\/\/shop_images\/Group_944.png","image_ratio":"adapt","bg_border_img_color":"rgba(0,0,0,0)","border_width":0.1,"link":"shopify:\/\/collections\/baked-goods"}},"template--15978104455318__7306935c-4eb1-4ca3-8a0c-723ad1fd08a0-1679316784c46fa2af-2":{"type":"column","settings":{"image":"shopify:\/\/shop_images\/Group_943.png","image_ratio":"adapt","bg_border_img_color":"rgba(0,0,0,0)","border_width":0,"link":"shopify:\/\/collections\/bars"}},"d80255e5-870c-4e3e-b6d2-14cace42c89c":{"type":"column","settings":{"image":"shopify:\/\/shop_images\/Group_940.png","image_ratio":"adapt","bg_border_img_color":"rgba(0,0,0,0)","border_width":0,"link":"shopify:\/\/products\/boiled-sweets-filled-with-speculoos"}},"f42bdeb7-fdbf-48ac-9d0f-6c52689c0413":{"type":"column","settings":{"image":"shopify:\/\/shop_images\/img_03_150x150_crop_top_9f10ced8-1d83-46b9-9ea6-48c665c5e4fa.png","image_ratio":"adapt","bg_border_img_color":"rgba(0,0,0,0)","border_width":0,"link":"shopify:\/\/collections\/candies"}},"570ee08f-e65c-4c7e-b003-a6cbf61bbf0d":{"type":"column","settings":{"image":"shopify:\/\/shop_images\/Group_942.png","image_ratio":"adapt","bg_border_img_color":"rgba(0,0,0,0)","border_width":0,"link":"shopify:\/\/collections\/gummy-candy"}},"d1a13cd0-a340-4018-9185-e70f7a63f577":{"type":"column","settings":{"image":"shopify:\/\/shop_images\/Group_945.png","image_ratio":"adapt","bg_border_img_color":"rgba(0,0,0,0)","border_width":0.1,"link":"shopify:\/\/collections\/sweet-box"}},"bc3f21b1-ccf7-43f5-a03e-6569caa8a95b":{"type":"column","settings":{"image":"shopify:\/\/shop_images\/Group_941.png","image_ratio":"adapt","bg_border_img_color":"rgba(0,0,0,0)","border_width":0,"link":"shopify:\/\/pages\/faq-s"}}},"block_order":["template--15978104455318__7306935c-4eb1-4ca3-8a0c-723ad1fd08a0-1679316784c46fa2af-0","template--15978104455318__7306935c-4eb1-4ca3-8a0c-723ad1fd08a0-1679316784c46fa2af-1","template--15978104455318__7306935c-4eb1-4ca3-8a0c-723ad1fd08a0-1679316784c46fa2af-2","d80255e5-870c-4e3e-b6d2-14cace42c89c","f42bdeb7-fdbf-48ac-9d0f-6c52689c0413","570ee08f-e65c-4c7e-b003-a6cbf61bbf0d","d1a13cd0-a340-4018-9185-e70f7a63f577","bc3f21b1-ccf7-43f5-a03e-6569caa8a95b"],"settings":{"box_type":"box","section_width":1200,"section_fluid_width":1880,"title":"Logo Brands","section_heading_scale":100,"subtitle":"","section_subtitle_scale":100,"description":"","section_description_scale":100,"heading_alignment":"center","inverted":false,"columns_desktop":6,"spacing_grid_horizontal":30,"enable_desktop_slider":true,"off_carousel_counter":true,"nav_style_type":"type_1","button_label":"","button_link":"","color_scheme":"background-1","customColor":false,"bg_color":"#e10000","container_color_scheme":"background-1","section_custom_color":false,"bg_section_color":"#f4f4f4","bg_color_opacity":1,"columns_mobile":"2","swipe_on_mobile":false,"desktop_section_padding":"3rem 3rem 3rem 3rem","desktopContainerPadding":"2rem 50px 2rem 50px","mobile_section_padding":"1rem 1rem 1rem 1rem","mobileContainerPadding":"1rem 1rem 1rem 1rem"}},"ec4645fe-cc6a-44d0-8e8c-c76a9fba1bc4":{"type":"zmz-ticker","blocks":{"sections--14917454659626__ec4645fe-cc6a-44d0-8e8c-c76a9fba1bc4-1682345997a6921995-0":{"type":"text","settings":{"item_title":"The use of a section ticker in a shop helps to showcase featured or trending products, promotions, or important information in a visually appealing and attention-grabbing manner.","color_title":"#121212"}},"sections--14917454659626__ec4645fe-cc6a-44d0-8e8c-c76a9fba1bc4-1682345997a6921995-1":{"type":"text","settings":{"item_title":"<a href=\"\/collections\/birds\" target=\"_blank\" title=\"Birds\">BUY NOW<\/a>","color_title":"#f1ee36"}},"cbb761c5-33f2-4259-a7d2-15e5b429ffe0":{"type":"text","settings":{"item_title":"The use of a section ticker in a shop helps to showcase featured or trending products, promotions, or important information in a visually appealing and attention-grabbing manner.","color_title":"#121212"}},"sections--14917454659626__ec4645fe-cc6a-44d0-8e8c-c76a9fba1bc4-1682345997a6921995-2":{"type":"text","settings":{"item_title":"VP THE BEST SHOPIFY THEME","color_title":"#121212"}},"35643895-18bf-4778-839f-ccbcab45395a":{"type":"text","settings":{"item_title":"<a href=\"\/collections\/cats\" target=\"_blank\" title=\"Cats\">BUY NOW<\/a>","color_title":"#e10000"}},"6712b7c9-9d20-4225-9c0a-c9523717def8":{"type":"text","settings":{"item_title":"VP THE BEST SHOPIFY THEME","color_title":"#121212"}},"1ff2aa47-7233-4ab4-9a45-27b67ccd143c":{"type":"text","settings":{"item_title":"<a href=\"\/collections\/reptiles\" target=\"_blank\" title=\"Reptiles\">BUY NOW<\/a>","color_title":"#8f21d6"}}},"block_order":["sections--14917454659626__ec4645fe-cc6a-44d0-8e8c-c76a9fba1bc4-1682345997a6921995-0","sections--14917454659626__ec4645fe-cc6a-44d0-8e8c-c76a9fba1bc4-1682345997a6921995-1","cbb761c5-33f2-4259-a7d2-15e5b429ffe0","sections--14917454659626__ec4645fe-cc6a-44d0-8e8c-c76a9fba1bc4-1682345997a6921995-2","35643895-18bf-4778-839f-ccbcab45395a","6712b7c9-9d20-4225-9c0a-c9523717def8","1ff2aa47-7233-4ab4-9a45-27b67ccd143c"],"settings":{"ticker_direct":"1","bg_section":"#e4effd","padding_top":9,"padding_bottom":6}},"d12f7136-b9fd-41de-95ed-173c34e118c5":{"type":"zmz-link-list","blocks":{"template--14928679534634__d12f7136-b9fd-41de-95ed-173c34e118c5-1684341161f45bf74e-1":{"type":"column","settings":{"image":"shopify:\/\/shop_images\/Rectangle_36.png","image_ratio":"adapt","image_width":15,"icon-layout":"vertical","customHtml":"","title":"CANDIES","title_color":"#222222","section_heading_scale":75,"text":"","text_color":"#222222","section_description_scale":100,"customLinkList":"","bg_border_img_color":"#f4f4f4","image_padding":2,"info_padding":"2.5rem 1rem 1rem 0rem","link_label":"Go to collection","link":"shopify:\/\/collections\/all","info_padding_mob":"1rem 1rem 1rem 1rem"}},"template--14928679534634__d12f7136-b9fd-41de-95ed-173c34e118c5-1684341161f45bf74e-0":{"type":"column","settings":{"image":"shopify:\/\/shop_images\/Rectangle_35.png","image_ratio":"adapt","image_width":15,"icon-layout":"vertical","customHtml":"","title":"Sale","title_color":"#e10000","section_heading_scale":75,"text":"","text_color":"#222222","section_description_scale":100,"customLinkList":"","bg_border_img_color":"#f4f4f4","image_padding":2,"info_padding":"2.5rem 1rem 1rem 0rem","link_label":"Go to collection","link":"shopify:\/\/collections\/all","info_padding_mob":"1rem 1rem 1rem 1rem"}},"template--14928679534634__d12f7136-b9fd-41de-95ed-173c34e118c5-1684341161f45bf74e-2":{"type":"column","settings":{"image":"shopify:\/\/shop_images\/Rectangle_35_2.png","image_ratio":"adapt","image_width":15,"icon-layout":"vertical","customHtml":"","title":"NEW","title_color":"#222222","section_heading_scale":75,"text":"","text_color":"#222222","section_description_scale":100,"customLinkList":"","bg_border_img_color":"#f4f4f4","image_padding":2,"info_padding":"2.5rem 1rem 1rem 0rem","link_label":"Go to collection","link":"shopify:\/\/collections\/all","info_padding_mob":"1rem 1rem 1rem 1rem"}}},"block_order":["template--14928679534634__d12f7136-b9fd-41de-95ed-173c34e118c5-1684341161f45bf74e-1","template--14928679534634__d12f7136-b9fd-41de-95ed-173c34e118c5-1684341161f45bf74e-0","template--14928679534634__d12f7136-b9fd-41de-95ed-173c34e118c5-1684341161f45bf74e-2"],"settings":{"box_type":"box","section_width":900,"section_fluid_width":1880,"title":"New in this week","section_heading_scale":100,"subtitle":"","section_subtitle_scale":100,"description":"","section_description_scale":100,"heading_alignment":"center","inverted":false,"columns_desktop":3,"spacing_grid_horizontal":30,"column_alignment":"center","image_vertical_alignment":"middle","off_carousel_counter":true,"nav_style_type":"type_2","enable_desktop_slider":false,"caption_full_width":true,"background_style":"primary","button_label":"","button_link":"","color_scheme":"background-1","customColor":false,"bg_color":"","container_color_scheme":"background-1","section_custom_color":false,"bg_section_color":"","bg_color_opacity":0.1,"columns_mobile":"1","swipe_on_mobile":false,"desktop_section_padding":"0rem 0rem 0rem 0rem","desktopContainerPadding":"0rem 1.5rem 0rem 1.5rem","mobile_section_padding":"1rem 1rem 1rem 1rem","mobileContainerPadding":"1rem 1rem 1rem 1rem"}}},"order":["main","0d90ce16-4ad1-466c-a8f9-ec3b91736674","6492533a-9ed1-4828-a275-e6479417dc49","b951fcdd-c0d8-4670-a454-899117e57518","0b028108-11d0-431e-91b9-fd48d263785c","5995ce09-f0f4-4f26-9adc-47924bf4c70e","2d346467-f483-4f46-8a08-02223d3fb625","f974a461-a789-4497-a780-bf4d6a6e0e6a","df530998-a126-455d-8d95-8b65ba847df9","aa947033-2b59-44d0-9a5e-4bb90caca51e","fc38d5b2-1c57-4cbc-99d8-40480196fbe9","0d16ca77-c839-46d3-b918-6d6432ffa17b","f6402b1a-1c84-4278-82c2-aa719f931124","ed85d093-c6ce-4d1e-b015-ea39248d9d0d","02d1c49e-30d1-40d6-b84e-b61d567c8f2d","68006bd3-7e0b-45f8-92b5-b90cc71854a3","448afc32-caa7-4e1a-92e6-13afb87b1934","6b2f819b-cb79-491d-9adc-e3254dacb189","ba23a8e3-0cde-4641-8880-1769369cda85","f5fafc2e-5e7a-4a76-a7d0-06e81276494c","d3aaf66c-2844-4236-b5cc-d6dafc6cd35c","e25cfafd-d27a-465b-a830-cc36da8a2e15","7306935c-4eb1-4ca3-8a0c-723ad1fd08a0","ec4645fe-cc6a-44d0-8e8c-c76a9fba1bc4","d12f7136-b9fd-41de-95ed-173c34e118c5"]}