{"sections":{"main":{"type":"main-product","blocks":{"d314344f-58a5-4c38-9d6f-31af4cbed0e3":{"type":"timer","settings":{}},"title":{"type":"title","settings":{}},"price":{"type":"price","settings":{}},"5581422c-cd42-4bd2-b1ee-4ebe51b0cb41":{"type":"inventory","settings":{"text_style":"subtitle","inventory_threshold":10,"show_inventory_quantity":true,"show_inventory_bar":true,"max_bar_inventory":100}},"variant_picker":{"type":"variant_picker","settings":{"variant_label":true,"variant_pills_border_thickness":1,"variant_pills_border_opacity":35,"variant_pills_radius":0,"picker_type":"button","image_button_ratio":"portrait","color_picker_type":"color_label","inventory_threshold":10,"link_notify":true,"link_similar":true,"enable_show_more":true,"show_more_count":5}},"ec496ca3-a1c2-43f4-99a7-532ba480809b":{"type":"notify_button","settings":{}},"35cc6300-f8f4-4fc8-933d-0dcb0a0d21bd":{"type":"popup","settings":{"text":"Size chart","page":"","content":"<p> <\/p>","custom_liquid":"<img lazy=\"loading\" src=\"https:\/\/cdn.shopify.com\/s\/files\/1\/0565\/2109\/7391\/files\/size_guide.jpg?v=1675350078\" alt=\"size chart\"\/>","icon":"ruler"}},"quantity_selector":{"type":"quantity_selector","settings":{"wishlist_btn":true,"compare_btn":true}},"buy_buttons":{"type":"buy_buttons","settings":{"show_dynamic_checkout":true}},"a14802f6-8e50-4146-aefc-5ce363d3c80a":{"type":"buyers","settings":{"live_views_text":"sold in recently","live_views_range":"2-6","live_view_duration":"20"}},"21395e72-380e-479f-a696-b99e3de1dcf6":{"type":"collapsible_tab","settings":{"heading":"DESCRIPTION","icon":"none","content":"","page":"","custom_liquid":"{%- if product.description != blank -%}\n <div class=\"product__description rte quick-add-hidden\">\n      {{ product.description }} \n  <\/div>\n{%- endif -%}","open_first_collapsible_row":false}},"collapsible-row-0":{"type":"collapsible_tab","settings":{"heading":"PRODUCT DETAILS","icon":"none","content":"<ul><li>Relaxed-fit <\/li><li>Jacquard-knit fabric with wool content<\/li><li>Round neckline<\/li><li>Dropped shoulders<\/li><\/ul>","page":"","custom_liquid":"","open_first_collapsible_row":false}},"d6b1d212-599b-4088-8a14-95078ced1848":{"type":"additional_info","settings":{"block_heading":"DETAILS INFO","make_collapsible_row":true,"show_sku":true,"show_vendor":true,"show_product_types":true,"show_weight":true,"show_tags":true,"show_collections":true}},"ca84ae0c-e874-4a01-b783-c506d099a62c":{"type":"icon-with-text","settings":{"layout":"vertical","icon_1":"truck","heading_1":"Free delivery","icon_2":"rotate_left","heading_2":"Free returns","icon_3":"tick_square","heading_3":"More delivery info"}},"b7a5d6ff-5409-45b1-bd19-92b967b322d6":{"type":"complementary","settings":{"block_heading":"STYLE WIDTH","make_collapsible_row":true,"icon":"eye","product_list_limit":3,"products_per_page":1,"pagination_style":"dots","image_ratio":"portrait","enable_quick_add":false}},"000f8521-e633-4da6-8159-d77d9db6bfbc":{"type":"product-drawer-all","settings":{"text":"DETAILS","page":"","content":"<ul><li>Relaxed-fit <\/li><li>Jacquard-knit fabric with wool content<\/li><li>Round neckline<\/li><li>Dropped shoulders<\/li><\/ul>","custom_liquid":"","icon":"box","custom_data_attr":""}},"74507a0e-b901-4444-8987-8407f24a8043":{"type":"product-drawer-all","settings":{"text":"LOOK AFTER ME","page":"","content":"<p>Only non-chlorine bleach when needed<\/p><p>No dry clean<\/p><p>Machine wash cold<\/p><p>Dry flat<\/p><p>Use mild detergentLow iron<\/p>","custom_liquid":"","icon":"eye","custom_data_attr":""}},"share":{"type":"share","settings":{"share_label":"Share"}},"2b6decd1-9560-4807-800b-5ca090e9dfb2":{"type":"visitors","settings":{"live_views_text":"<strong>people<\/strong> are viewing this right now","live_views_range":"20-30","live_view_duration":"10"}},"abe18ddf-4bb5-47d6-8db1-bc2219bceff5":{"type":"description","settings":{"short_description":true,"short_description_length":200}}},"block_order":["d314344f-58a5-4c38-9d6f-31af4cbed0e3","title","price","5581422c-cd42-4bd2-b1ee-4ebe51b0cb41","variant_picker","ec496ca3-a1c2-43f4-99a7-532ba480809b","35cc6300-f8f4-4fc8-933d-0dcb0a0d21bd","quantity_selector","buy_buttons","a14802f6-8e50-4146-aefc-5ce363d3c80a","21395e72-380e-479f-a696-b99e3de1dcf6","collapsible-row-0","d6b1d212-599b-4088-8a14-95078ced1848","ca84ae0c-e874-4a01-b783-c506d099a62c","b7a5d6ff-5409-45b1-bd19-92b967b322d6","000f8521-e633-4da6-8159-d77d9db6bfbc","74507a0e-b901-4444-8987-8407f24a8043","share","2b6decd1-9560-4807-800b-5ca090e9dfb2","abe18ddf-4bb5-47d6-8db1-bc2219bceff5"],"settings":{"page_width":1200,"use_section_width":true,"enable_sticky_info":true,"show_sticky_buttons":true,"media_position":"left","gallery_layout":"columns","media_size":"medium","constrain_to_viewport":false,"media_fit":"cover","image_zoom":"hover","filter_media":true,"thumbs_size":90,"thumbnails_list_revers":false,"show_pag":false,"hide_thumbnails_desktop":false,"mobile_thumbnails":"hide","hide_variants":false,"enable_video_looping":false,"padding_top":0,"padding_bottom":12,"padding_left":50,"padding_right":50,"section_spacing_grid_horizontal":28,"section_spacing_grid_vertical":28}},"zmz-frequently-products":{"type":"zmz-frequently-products","settings":{"title":"Frequently bought together","padding_top":36,"padding_bottom":36}},"product-details-tabs":{"type":"product-details-tabs","blocks":{"683fcd44-6cce-4edb-9fab-3b3757484470":{"type":"description","settings":{"title":"description","block_width":1200}},"d575525e-d910-4fcd-978e-6db4ce4f480b":{"type":"all_tab","settings":{"title":"About brand","content":"","page":"about-us-1","custom_liquid":"","block_width":1200}},"1ce0c7ae-664e-4c6f-8cba-747b18517b1d":{"type":"all_tab","settings":{"title":"F.A.Q","content":"","page":"faq-s","custom_liquid":"","block_width":1200}}},"block_order":["683fcd44-6cce-4edb-9fab-3b3757484470","d575525e-d910-4fcd-978e-6db4ce4f480b","1ce0c7ae-664e-4c6f-8cba-747b18517b1d"],"settings":{"box_type":"box","section_width":1200,"section_fluid_width":1880,"spacing_grid_horizontal":8,"spacing_grid_vertical":8,"padding_top":36,"padding_bottom":36,"tab_style":"uppercase"}},"6ea88f57-a0c5-445c-b40d-2fb2157aa2dc":{"type":"quick-order-list","settings":{"show_image":true,"show_sku":true,"enable_show_more":true,"show_more_count":6,"color_scheme":"background-1","padding_top":36,"padding_bottom":36}},"product-recommendations":{"type":"product-recommendations","settings":{"page_width":1200,"use_section_width":true,"heading":"You may also like","heading_size":"h2","products_to_show":4,"columns_desktop":4,"enable_desktop_slider":false,"nav_style_type":"type_2","color_scheme":"background-1","image_ratio":"portrait","show_secondary_image":false,"show_vendor":false,"show_rating":false,"columns_mobile":"2","swipe_on_mobile":true,"padding_top":36,"padding_bottom":28}},"7452ec4e-e0f8-4701-8743-05dda031deaf":{"type":"zmz-viewed-product","settings":{"page_width":1200,"use_section_width":true,"title":"Recently viewed products","heading_size":"h2","columns_desktop":4,"enable_desktop_slider":true,"spacing_grid_horizontal":15,"nav_style_type":"type_2","color_scheme":"background-1","columns_mobile":"2","swipe_on_mobile":false,"padding_top":36,"padding_bottom":36}}},"order":["main","zmz-frequently-products","product-details-tabs","6ea88f57-a0c5-445c-b40d-2fb2157aa2dc","product-recommendations","7452ec4e-e0f8-4701-8743-05dda031deaf"]}