{"sections":{"main":{"type":"main-product","blocks":{"title":{"type":"title","settings":{}},"price":{"type":"price","settings":{}},"d314344f-58a5-4c38-9d6f-31af4cbed0e3":{"type":"timer","settings":{}},"5581422c-cd42-4bd2-b1ee-4ebe51b0cb41":{"type":"inventory","settings":{"text_style":"body","inventory_threshold":10,"show_inventory_quantity":true,"show_inventory_bar":true,"max_bar_inventory":100}},"variant_picker":{"type":"variant_picker","settings":{"variant_label":true,"variant_pills_border_thickness":1,"variant_pills_border_opacity":35,"variant_pills_radius":0,"picker_type":"image_button","image_button_ratio":"portrait","color_picker_type":"color","inventory_threshold":10,"link_notify":true,"link_similar":true}},"35cc6300-f8f4-4fc8-933d-0dcb0a0d21bd":{"type":"popup","settings":{"text":"Size chart","page":"","content":"","custom_liquid":"<img lazy=\"loading\" src=\"https:\/\/cdn.shopify.com\/s\/files\/1\/0565\/2109\/7391\/files\/size_guide.jpg?v=1675350078\" alt=\"size chart\"\/>","icon":"ruler"}},"quantity_selector":{"type":"quantity_selector","settings":{"wishlist_btn":true,"compare_btn":true}},"buy_buttons":{"type":"buy_buttons","settings":{"show_dynamic_checkout":true}},"ec496ca3-a1c2-43f4-99a7-532ba480809b":{"type":"notify_button","settings":{}},"21395e72-380e-479f-a696-b99e3de1dcf6":{"type":"collapsible_tab","disabled":true,"settings":{"heading":"DESCRIPTION","icon":"none","content":"","page":"","custom_liquid":"{%- if product.description != blank -%}\n                  <div class=\"h6\"> {{ block.settings.title }}<\/div>\n                  <div class=\"product__description rte quick-add-hidden\">\n                    {{ product.description }} \n                  <\/div>\n                {%- endif -%}","open_first_collapsible_row":false}},"b7a5d6ff-5409-45b1-bd19-92b967b322d6":{"type":"complementary","disabled":true,"settings":{"block_heading":"Style with","make_collapsible_row":true,"icon":"eye","product_list_limit":3,"products_per_page":1,"pagination_style":"dots","image_ratio":"portrait","enable_quick_add":false}},"collapsible-row-0":{"type":"collapsible_tab","disabled":true,"settings":{"heading":"PRODUCT DETAILS","icon":"tag","content":"","page":"","custom_liquid":"<ul>\n<li>Relaxed-fit <\/li>\n<li>Jacquard-knit fabric with wool content<\/li>\n<li>Round neckline<\/li>\n<li>Dropped shoulders<\/li>\n<\/ul>","open_first_collapsible_row":false}},"f9896de8-bc91-4ee8-bb06-b010a939a6a8":{"type":"collapsible_tab","disabled":true,"settings":{"heading":"ABOUT BRAND","icon":"star","content":"<p>Serving new-new fashion and the best of basics, BRAND gets its inspiration from the latest music, technology and social media trends.<\/p>","page":"","custom_liquid":"","open_first_collapsible_row":false}},"d6b1d212-599b-4088-8a14-95078ced1848":{"type":"additional_info","disabled":true,"settings":{"block_heading":"","make_collapsible_row":false,"show_sku":true,"show_vendor":true,"show_product_types":true,"show_weight":true,"show_tags":true,"show_collections":true}},"share":{"type":"share","settings":{"share_label":"Share"}},"3f07cd91-ef70-49d4-94a1-0af6fc800482":{"type":"product-drawer-all","settings":{"text":"DELIVERY AND PAYMENT","page":"delivery-info","content":"","custom_liquid":"","icon":"none","custom_data_attr":""}},"000f8521-e633-4da6-8159-d77d9db6bfbc":{"type":"product-drawer-all","settings":{"text":"DETAILS","page":"","content":"","custom_liquid":"<ul>\n<li>Relaxed-fit <\/li>\n<li>Jacquard-knit fabric with wool content<\/li>\n<li>Round neckline<\/li>\n<li>Dropped shoulders<\/li>\n<\/ul>","icon":"none","custom_data_attr":""}},"ca84ae0c-e874-4a01-b783-c506d099a62c":{"type":"icon-with-text","disabled":true,"settings":{"layout":"horizontal","icon_1":"truck","heading_1":"Free delivery","icon_2":"rotate_left","heading_2":"Free returns","icon_3":"tick_square","heading_3":"More info"}}},"block_order":["title","price","d314344f-58a5-4c38-9d6f-31af4cbed0e3","5581422c-cd42-4bd2-b1ee-4ebe51b0cb41","variant_picker","35cc6300-f8f4-4fc8-933d-0dcb0a0d21bd","quantity_selector","buy_buttons","ec496ca3-a1c2-43f4-99a7-532ba480809b","21395e72-380e-479f-a696-b99e3de1dcf6","b7a5d6ff-5409-45b1-bd19-92b967b322d6","collapsible-row-0","f9896de8-bc91-4ee8-bb06-b010a939a6a8","d6b1d212-599b-4088-8a14-95078ced1848","share","3f07cd91-ef70-49d4-94a1-0af6fc800482","000f8521-e633-4da6-8159-d77d9db6bfbc","ca84ae0c-e874-4a01-b783-c506d099a62c"],"settings":{"page_width":1200,"use_section_width":false,"enable_sticky_info":true,"show_sticky_buttons":true,"media_position":"left","gallery_layout":"thumbnail_vertical_slider","media_size":"medium","constrain_to_viewport":false,"media_fit":"contain","image_zoom":"none","filter_media":false,"thumbs_size":90,"thumbnails_list_revers":false,"show_pag":false,"hide_thumbnails_desktop":true,"mobile_thumbnails":"hide","hide_variants":false,"enable_video_looping":false,"padding_top":0,"padding_bottom":0,"padding_left":15,"padding_right":15,"section_spacing_grid_horizontal":28,"section_spacing_grid_vertical":28}},"5b19468a-50e4-46d9-ab9c-83f1dca899ce":{"type":"video","settings":{"heading":"","heading_size":"h1","video_url":"https:\/\/www.youtube.com\/watch?v=_9VUPq3SxOc","cover_image":"shopify:\/\/shop_images\/Rectangle_254.jpg","description":"","full_width":false,"color_scheme":"background-1","padding_top":0,"padding_bottom":16}},"1676806146cd2a5897":{"type":"apps","settings":{"include_margins":true}},"product-details-tabs":{"type":"product-details-tabs","blocks":{"683fcd44-6cce-4edb-9fab-3b3757484470":{"type":"description","settings":{"title":"description","block_width":1000}},"1ce0c7ae-664e-4c6f-8cba-747b18517b1d":{"type":"all_tab","settings":{"title":"F.A.Q","content":"","page":"demo","custom_liquid":"","block_width":1000}},"4b54f1e3-a25c-42c4-9436-2b73a64eee0d":{"type":"reviews","settings":{"title":"Product reviews","custom_liquid":"","block_width":800}},"489833e0-fe40-47e0-bd91-7520c4e5cda9":{"type":"all_tab","settings":{"title":"Posts about product","content":"","page":"info-post","custom_liquid":"","block_width":1200}}},"block_order":["683fcd44-6cce-4edb-9fab-3b3757484470","1ce0c7ae-664e-4c6f-8cba-747b18517b1d","4b54f1e3-a25c-42c4-9436-2b73a64eee0d","489833e0-fe40-47e0-bd91-7520c4e5cda9"],"disabled":true,"settings":{"box_type":"box","section_width":1200,"section_fluid_width":1880,"padding_top":32,"padding_bottom":36,"tab_style":"uppercase"}},"product-recommendations":{"type":"product-recommendations","custom_css":[".product-recommendations__heading {text-align: center;}"],"settings":{"page_width":1200,"use_section_width":true,"heading":"Complete your look","heading_size":"h2","products_to_show":3,"columns_desktop":3,"enable_desktop_slider":false,"nav_style_type":"type_2","color_scheme":"background-1","image_ratio":"portrait","show_secondary_image":false,"show_vendor":false,"show_rating":false,"columns_mobile":"2","swipe_on_mobile":false,"padding_top":52,"padding_bottom":52}}},"order":["main","5b19468a-50e4-46d9-ab9c-83f1dca899ce","1676806146cd2a5897","product-details-tabs","product-recommendations"]}