{"sections":{"main":{"type":"main-account","settings":{"padding_top":36,"padding_bottom":36}},"5adfc3bd-2db8-4b93-9c90-a2f637b5cfa6":{"type":"custom-liquid","settings":{"custom_liquid":"<link rel=\"stylesheet\" href=\"https:\/\/stackpath.bootstrapcdn.com\/bootstrap\/4.4.1\/css\/bootstrap.min.css\" crossorigin=\"anonymous\">\n\n    <link rel=\"stylesheet\" href=\"https:\/\/cdn.jsdelivr.net\/npm\/@sweetalert2\/theme-bootstrap-4@3.1.4\/bootstrap-4.min.css\">\n  \n\n\n    <style>\n        #errorContainer {\n            margin: auto;\n            text-align: center;\n        }\n\n        .hide-table {\n            display: none;\n        }\n\n        .trackingDetailsContainer {\n            margin-top: 5%;\n        }\n\n        .trackingHeadingContainer {\n            margin-top: 5%;\n        }\n\n        .page-title {\n            display: flex;\n            justify-content: center;\n            align-items: center;\n        }\n\n        .page-title h5 {\n            margin-top: 3%;\n            margin-bottom: 3%;\n        }\n\n        .btn-group-toggle .btn-custom-primary {\n            background-color: var(--custom-primary-light);\n        }\n\n        .btn-group-toggle .active {\n            background-color: var(--custom-primary-lighter);\n            color: var(--custom-primary);\n            box-shadow: 0 0 0 0.2rem var(--custom-primary-border);\n        }\n\n        .shipment-details .nav-pills .active {\n            border-right: 0.25rem solid var(--custom-primary);\n            background-color: var(--custom-primary-lightest);\n        }\n\n        .shipment-selector {\n            padding: 1rem;\n            border-right: 0.25rem solid #00000000;\n            cursor: pointer;\n        }\n\n        .tracking-steps-container .card {\n            border-radius: 15px;\n            border: 1px solid var(--custom-primary-lighter);\n            background-color: var(--custom-primary-lightest);\n        }\n\n        .shipment-journey {\n            max-height: 32rem;\n            overflow-y: auto;\n        }\n\n        .shipment-journey .card {\n            width: 95%;\n            border-radius: 10px;\n            color: #ffffff;\n            background-color: var(--custom-primary-light);\n        }\n\n        .shipment-journey .journey-dash {\n            \/* border-left: #34343450 dashed 2px; *\/\n            border-left: var(--custom-primary) dashed 2px;\n            position: absolute;\n            width: 100%;\n            top: -3rem;\n            height: 3rem;\n            left: 2rem;\n            z-index: 0;\n        }\n\n        .custom-scrollbar::-webkit-scrollbar {\n            -webkit-appearance: none;\n            width: 6px;\n        }\n\n\n        .custom-scrollbar::-webkit-scrollbar-thumb {\n            border-radius: 4px;\n            background-color: var(--custom-primary);\n            -webkit-box-shadow: 0 0 1px rgb(255 255 255 \/ 50%);\n        }\n\n        .highlight-current-step {\n            border-color: var(--custom-primary);\n        }\n\n        .steps .step {\n            width: 15%;\n        }\n\n        .steps .rounded-circle {\n            width: 1rem;\n            height: 1rem;\n            z-index: 2;\n        }\n\n        .steps .inactive-circle {\n            background-color: #a7acb1;\n        }\n\n        .steps .rounded-circle svg {\n            margin-top: 1rem;\n        }\n\n        .steps .horizontal-dash {\n            border-bottom: 2px dashed #a7acb1;\n            width: 15%;\n            position: absolute;\n            height: 0.55rem;\n            z-index: 1;\n        }\n\n        .steps .horizontal-dash-active {\n            border-bottom: 2px dashed var(--custom-primary);\n        }\n\n        .steps .horizontal-dash-first {\n            left: 20%;\n        }\n\n        .steps .horizontal-dash-second {\n            left: 35%;\n        }\n\n        .steps .horizontal-dash-third {\n            left: 50%;\n        }\n\n        .steps .horizontal-dash-fourth {\n            left: 65%;\n        }\n\n        .img-section a {\n            position: absolute;\n            left: 45%;\n            top: 45%;\n        }\n\n        .img-section a.position-top-left {\n            left: 2rem !important;\n            right: unset !important;\n            top: 1rem !important;\n            bottom: unset !important;\n        }\n\n        .img-section a.position-top-right {\n            left: unset !important;\n            right: 2rem !important;\n            top: 1rem !important;\n            bottom: unset !important;\n        }\n\n        .img-section a.position-bottom-left {\n            left: 2rem !important;\n            right: unset !important;\n            top: unset !important;\n            bottom: 1rem !important;\n        }\n\n        .img-section a.position-bottom-right {\n            left: unset !important;\n            right: 2rem !important;\n            top: unset !important;\n            bottom: 1rem !important;\n        }\n\n        .status-card {\n            min-height: 180px;\n        }\n\n        .scans-container {\n            min-height: 180px;\n            position: relative;\n            border-radius: 15px;\n            border: 1px solid var(--custom-primary-lighter);\n            background-color: var(--custom-primary-lightest);\n        }\n\n        .no-scans-detail {\n            position: absolute;\n            top: 50%;\n            left: 50%;\n            transform: translate(-50%, -50%);\n            width: 90%;\n            text-align: center;\n        }\n\n        .nps-collection-container {\n            border-radius: 25px;\n            padding: 25px;\n            background-color: var(--custom-primary-lightest);\n            border: 1px solid var(--custom-primary);\n        }\n\n        .line-item-product-title {\n            line-height: 1;\n        }\n\n        @media only screen and (max-width: 768px) {\n            #shipmentAccordion .header {\n                padding: 1rem;\n                border-bottom: 0.25rem solid var(--custom-primary);\n                background-color: var(--custom-primary-lightest);\n            }\n\n            .shipment-journey {\n                max-height: unset;\n                padding-left: 15px;\n                padding-right: 15px;\n                overflow-y: clip;\n            }\n\n            .shipment-journey .card {\n                width: 100%;\n            }\n\n            .steps .step {\n                width: 25%;\n            }\n\n            .steps .horizontal-dash {\n                width: 20%;\n            }\n\n            .steps .horizontal-dash-first {\n                left: 10%;\n            }\n\n            .steps .horizontal-dash-second {\n                left: 30%;\n            }\n\n            .steps .horizontal-dash-third {\n                left: 50%;\n            }\n\n            .steps .horizontal-dash-fourth {\n                left: 70%;\n            }\n\n            .img-section a {\n                border-radius: 0 !important;\n                position: relative;\n                left: unset;\n                top: unset;\n            }\n\n            .nps-collection-container {\n                border-radius: 15px;\n                padding: unset;\n            }\n        }\n    <\/style>\n\n\n    <style>\n        :root {\n            --custom-primary: #000000;\n            --custom-primary-border: #00000061;\n            --custom-primary-lightest: #00000012;\n            --custom-primary-lighter: #00000012;\n            --custom-primary-light: #000000e8;\n            --custom-secondary: #ffffff;\n        }\n\n        body {\n            font-family: 'Poppins', serif;\n        }\n\n        .big {\n            font-size: 120%;\n        }\n\n        .primary-theme-color-svg {\n            fill: var(--custom-primary) !important;\n        }\n\n        .bg-custom-primary {\n            background-color: var(--custom-primary);\n        }\n\n        .text-custom-primary {\n            color: var(--custom-primary);\n        }\n\n        .btn-custom-primary {\n            color: #fff;\n            background-color: var(--custom-primary);\n            border-color: var(--custom-primary);\n        }\n\n        .btn-custom-primary:focus {\n            box-shadow: 0 0 0 0.2rem var(--custom-primary-border);\n        }\n\n        .btn-custom-primary:hover {\n            color: #fff;\n        }\n\n        .btn .spinner-grow-sm {\n            margin-bottom: 0.2rem;\n        }\n\n        .form-control:focus {\n            border-color: var(--custom-primary);\n            box-shadow: 0 0 0 0.2rem var(--custom-primary-border);\n        }\n\n        .brand-logo {\n            max-width: 10rem;\n        }\n\n        .powered-by {\n            margin-top: 3rem;\n            left: 50%;\n        }\n\n        .powered-by img {\n            height: 3rem;\n        }\n\n        .error-img {\n            width: 100%;\n            min-width: 30rem;\n        }\n\n        .error-wrapper {\n            height: 85vh;\n        }\n\n        @media screen and (max-width: 768px) {\n            .brand-logo {\n                max-width: 7rem;\n            }\n\n            .powered-by {\n                margin-top: 5rem;\n                padding-bottom: 1rem;\n                bottom: unset;\n                position: relative;\n                left: 0%;\n            }\n\n            .powered-by img {\n                height: 3rem;\n            }\n\n            .error-img {\n                width: 100%;\n                min-width: unset;\n            }\n        }\n    <\/style>\n\n    <div class=\"page-title\">\n        <h5>Track Your Order<\/h5>\n    <\/div>\n    <div class=\"container mb-5\">\n        <div id=\"orderFormSection\" class=\"row\">\n            <div class=\"col-12 col-md-6 offset-md-3\">\n                <div class=\"card\">\n                    <div class=\"card-body\">\n                        <div class=\"form-group\">\n                            <label for=\"orderNumber\">Order ID #<\/label>\n                            <input type=\"text\" class=\"form-control\" id=\"orderNumber\" aria-describedby=\"orderNumberHelp\" placeholder=\"e.g.: A100001\" value=\"\">\n                            <small id=\"orderNumberHelp\" class=\"form-text text-muted\">Please provide the order number of\n                                the order to be tracked.<\/small>\n                        <\/div>\n                        <button id=\"fetchShipmentDetailsBtn\" type=\"button\" class=\"btn btn-custom-primary btn-block\">\n                            <span class=\"spinner-grow spinner-grow-sm\" role=\"status\" aria-hidden=\"true\" style=\"display: none;\"><\/span>\n                            <span class=\"label\">Fetch Details<\/span>\n                        <\/button>\n                    <\/div>\n                <\/div>\n            <\/div>\n        <\/div>\n\n        <div id=\"errorContainer\" class=\"text-danger\"><\/div>\n\n\n        <div class=\"row trackingHeadingContainer\">\n            <div class=\"col-12\">\n                <div class=\"card\">\n                    <div class=\"card-body\">\n                        <div class=\"table-responsive\"><\/div>\n                        <table class=\"table hide-table\" id=\"trackingHeadingSection\">\n                            <thead>\n                                <tr>\n                                    <th>Tracking Number<\/th>\n                                    <th>Reference Number<\/th>\n                                    <th>Receiver Name<\/th>\n                                <\/tr>\n                            <\/thead>\n                            <tbody id=\"trackingTableBody\">\n                            <\/tbody>\n                        <\/table>\n                    <\/div>\n                <\/div>\n            <\/div>\n        <\/div>\n\n\n\n        <div class=\"row trackingDetailsContainer\">\n            <div class=\"col-12\">\n                <div class=\"card\">\n                    <div class=\"card-body\">\n                        <div class=\"table-responsive\">\n                            <table class=\"table hide-table\" id=\"trackingDetailsSection\">\n                                <thead>\n                                    <tr>\n                                        <th>Date<\/th>\n                                        <th>Time<\/th>\n                                        <th>Status Type<\/th>\n                                        <th>Status Code<\/th>\n                                        <th>Description<\/th>\n                                        <th>Location<\/th>\n                                    <\/tr>\n                                <\/thead>\n                                <tbody id=\"trackingTableBody\">\n                                <\/tbody>\n                            <\/table>\n                        <\/div>\n\n                    <\/div>\n                <\/div>\n            <\/div>\n        <\/div>\n    <\/div>\n\n\n  <script>\n    document.addEventListener(\"DOMContentLoaded\", function () {\n        const trackingDetailsContainer = document.getElementById(\"trackingDetailsSection\");\n        const trackingHeadingContainer = document.getElementById(\"trackingHeadingSection\");\n        const orderNumberInput = document.getElementById(\"orderNumber\");\n        const errorContainer = document.getElementById(\"errorContainer\");\n\n        const clearContainers = () => {\n            trackingDetailsContainer.innerHTML = \"\";\n            trackingHeadingContainer.innerHTML = \"\";\n            trackingDetailsContainer.classList.add(\"hide-table\");\n            trackingHeadingContainer.classList.add(\"hide-table\");\n        };\n\n        const displayError = (message) => {\n            errorContainer.innerHTML = message;\n            orderNumberInput.classList.add(\"is-invalid\");\n            clearContainers();\n        };\n\n        orderNumberInput.addEventListener(\"focus\", function () {\n            this.classList.remove(\"is-invalid\");\n            errorContainer.innerHTML = \"\";\n        });\n\n        document.getElementById(\"fetchShipmentDetailsBtn\").addEventListener(\"click\", function () {\n            const orderNumber = orderNumberInput.value;\n            errorContainer.innerHTML = \"\";\n\n            if (!orderNumber) {\n                displayError('Please enter your tracking number');\n                return;\n            }\n\n            const apiUrl = \"https:\/\/street82.dev-bee.com\/order\/track\";\n\n            fetch(apiUrl, {\n                method: 'POST',\n                headers: {\n                    \"Content-Type\": \"application\/json\",\n                },\n                body: JSON.stringify({ order_number: orderNumber }),\n            })\n                .then((response) => {\n                    if (!response.ok) {\n                        throw new Error(\"Network response was not ok\");\n                    }\n                    return response.json();\n                })\n                .then((data) => {\n                    const tableHeadingContainer = document.getElementById(\"trackingHeadingSection\");\n                    const tableContainer = document.getElementById(\"trackingDetailsSection\");\n\n                    if (data && data.data) {\n                        tableContainer.innerHTML = jsonToTable(data.data);\n                        tableHeadingContainer.innerHTML = jsonToHeading(data.data);\n                        tableContainer.classList.remove(\"hide-table\");\n                        tableHeadingContainer.classList.remove(\"hide-table\");\n                    } else {\n                        displayError(\"No data found for the given order ID\");\n                    }\n                })\n                .catch((error) => {\n                    if (error instanceof TypeError) {\n                        displayError(\"Network request failed. Please check your internet connection.\");\n                    } else {\n                        displayError(\"Something went wrong\");\n                    }\n                });\n        });\n\n        function jsonToHeading(jsonData) {\n            return `\n                <table border=\"1\">\n                    <tr><th>Tracking Number<\/th><th>Reference<\/th><th>Receiver Name<\/th><\/tr>\n                    <tr>\n                        <td>${jsonData.tracking_number}<\/td>\n                        <td>${jsonData.reference}<\/td>\n                        <td>${jsonData.receiver_name}<\/td>\n                    <\/tr>\n                <\/table>\n            `;\n        }\n\n        function jsonToTable(jsonData) {\n            let tableHtml = '<table border=\"1\">';\n            tableHtml += '<tr><th>Date<\/th><th>Time<\/th><th>Status Type<\/th><th>Status Code<\/th><th>Description<\/th><th>Location<\/th><\/tr>';\n\n            if (jsonData.tracking_history && jsonData.tracking_history.length) {\n                jsonData.tracking_history.forEach((historyItem) => {\n                    tableHtml += `\n                        <tr>\n                            <td>${historyItem.date}<\/td>\n                            <td>${historyItem.time}<\/td>\n                            <td>${historyItem.status_type}<\/td>\n                            <td>${historyItem.status_code}<\/td>\n                            <td>${historyItem.description}<\/td>\n                            <td>${historyItem.location}<\/td>\n                        <\/tr>\n                    `;\n                });\n            } else {\n                tableHtml += '<tr><td colspan=\"6\" class=\"text-center\">No data found for the given order ID.<\/td><\/tr>';\n            }\n\n            tableHtml += '<\/table>';\n            return tableHtml;\n        }\n    });\n<\/script>","color_scheme":"background-1","padding_top":40,"padding_bottom":52}}},"order":["main","5adfc3bd-2db8-4b93-9c90-a2f637b5cfa6"]}