{"type":"footer","name":"Footer Group","sections":{"footer":{"type":"footer","blocks":{"bff34382-cdfd-4513-96b2-66a689ad1a63":{"type":"brand_information","settings":{"show_social":false,"columns_desktop":"5"}},"4a5bb286-0d01-44bd-a466-0eca5624b84e":{"type":"link_list","settings":{"heading":"","menu":"footer","columns_desktop":"6","mobile_collapse":false}},"31a115ae-1c9a-4475-8fbb-78083d6ac88f":{"type":"link_list","settings":{"heading":"","menu":"my-account","columns_desktop":"4","mobile_collapse":false}},"c7f5da47-566e-430e-a110-4804c6ab249c":{"type":"footer_newsletter","settings":{"newsletter_heading":"Join our newsletter and get 20% discount!","section_subtitle_scale":100,"newsletter_text":"","input_style":"2","show_social":false}}},"block_order":["bff34382-cdfd-4513-96b2-66a689ad1a63","4a5bb286-0d01-44bd-a466-0eca5624b84e","31a115ae-1c9a-4475-8fbb-78083d6ac88f","c7f5da47-566e-430e-a110-4804c6ab249c"],"settings":{"page_width":1200,"color_scheme":"scheme-f2a9b0b0-07c3-48e2-9821-2b2cc85489ee","enable_inverse_logo":false,"enable_follow_on_shop":false,"show_social":true,"social_style":"square","enable_country_selector":false,"enable_language_selector":false,"payment_enable":false,"show_policy":true,"menu":"","margin_top":0,"padding_top":88,"padding_bottom":0}}},"order":["footer"]}