{"type":"header","name":"Header Group","sections":{"announcement-bar":{"type":"zmz-announcement-bar","blocks":{"a0964bee-05b2-48f3-8870-a0b8c9adf003":{"type":"announcement-image","settings":{"only_home":false,"text_alignment":"right","link":"#","ad_timer":false,"time":"2024-08-25T00:30:00Z","timer_color_scheme":"background-1"}},"450ee7c2-9276-404b-bbc5-97b5f25103fc":{"type":"announcement","disabled":true,"settings":{"only_home":true,"text":"VENDY PRO THE BEST SHOPIFY THEME FOR FASHION","section_heading_scale_1":100,"text_color_1":"#1383df","btn_text":"BUY NOW","price_text":"Now Exclusive price $79","section_heading_scale_2":143,"text_color_2":"#e10000","text_alignment":"center","color_scheme":"accent-1","link":"#","ad_timer":true,"time":"2024-08-24T00:00:00Z","timer_color_scheme":"accent-2","columns_mobile":"1"}},"2b08a40f-fe5b-4db6-9b19-2f3b7a657e83":{"type":"announcement-coupon","disabled":true,"settings":{"only_home":false,"sale-heading":"PROMOTION","sale-text":"Promotion text short description. Use Coupon","sale-mobile":"Promotion text short description. Use Coupon","discount-percent":"50% OFF","coupon":"CODE-THIS-50-OFF","disable_period":1,"timer_color_scheme":"inverse","ad_timer":true,"time":"2024-05-25T00:30:00Z"}}},"block_order":["a0964bee-05b2-48f3-8870-a0b8c9adf003","450ee7c2-9276-404b-bbc5-97b5f25103fc","2b08a40f-fe5b-4db6-9b19-2f3b7a657e83"],"settings":{"page_width":1800,"separate_border":false}},"ec4645fe-cc6a-44d0-8e8c-c76a9fba1bc4":{"type":"zmz-ticker","blocks":{"sections--14917454659626__ec4645fe-cc6a-44d0-8e8c-c76a9fba1bc4-1682345997a6921995-0":{"type":"text","settings":{"item_title":"VENDY PRO THE BEST SHOPIFY THEME","color_title":"#121212"}},"sections--14917454659626__ec4645fe-cc6a-44d0-8e8c-c76a9fba1bc4-1682345997a6921995-1":{"type":"text","settings":{"item_title":"<a href=\"https:\/\/zemez.io\/checkout?edd_action=add_to_cart&download_id=18391&edd_options[price_id]=1\" target=\"_blank\" title=\"https:\/\/zemez.io\/checkout?edd_action=add_to_cart&download_id=18391&edd_options[price_id]=1\">BUY NOW<\/a>","color_title":"#f1ee36"}},"sections--14917454659626__ec4645fe-cc6a-44d0-8e8c-c76a9fba1bc4-1682345997a6921995-2":{"type":"text","settings":{"item_title":"VENDY PRO THE BEST SHOPIFY THEME","color_title":"#121212"}},"35643895-18bf-4778-839f-ccbcab45395a":{"type":"text","settings":{"item_title":"<a href=\"https:\/\/zemez.io\/checkout?edd_action=add_to_cart&download_id=18391&edd_options[price_id]=1\" target=\"_blank\" title=\"https:\/\/zemez.io\/checkout?edd_action=add_to_cart&download_id=18391&edd_options[price_id]=1\">BUY NOW<\/a>","color_title":"#e10000"}},"6712b7c9-9d20-4225-9c0a-c9523717def8":{"type":"text","settings":{"item_title":"VENDY PRO THE BEST SHOPIFY THEME","color_title":"#121212"}},"1ff2aa47-7233-4ab4-9a45-27b67ccd143c":{"type":"text","settings":{"item_title":"<a href=\"https:\/\/zemez.io\/checkout?edd_action=add_to_cart&download_id=18391&edd_options[price_id]=1\" target=\"_blank\" title=\"https:\/\/zemez.io\/checkout?edd_action=add_to_cart&download_id=18391&edd_options[price_id]=1\">BUY NOW<\/a>","color_title":"#8f21d6"}}},"block_order":["sections--14917454659626__ec4645fe-cc6a-44d0-8e8c-c76a9fba1bc4-1682345997a6921995-0","sections--14917454659626__ec4645fe-cc6a-44d0-8e8c-c76a9fba1bc4-1682345997a6921995-1","sections--14917454659626__ec4645fe-cc6a-44d0-8e8c-c76a9fba1bc4-1682345997a6921995-2","35643895-18bf-4778-839f-ccbcab45395a","6712b7c9-9d20-4225-9c0a-c9523717def8","1ff2aa47-7233-4ab4-9a45-27b67ccd143c"],"disabled":true,"settings":{"ticker_direct":"1","bg_section":"#e4effd","padding_top":9,"padding_bottom":6}},"header":{"type":"header","blocks":{"fcd85f23-97fd-4cc4-bf30-08d261eb4092":{"type":"topbar","disabled":true,"settings":{"text_description":"Free shipping on orders over <a href=\"\/collections\/all\" target=\"_blank\" title=\"All products\">$100<\/a>","topbar_color_scheme":"","show_social":true,"social_style":"circle"}},"08844dbb-7072-49ea-afeb-bd19177b1d12":{"type":"3linklists-2banners","settings":{"heading":"Home","links_1_3l2b":"","links_2_3l2b":"","links_3_3l2b":"","show_title_3l2b":false,"banner_color_scheme":"background-1","banner1_title_3l2b":"New in this week","banner1_text_3l2b":"A great selection of pets clothing","banner1_link_3l2b":"shopify:\/\/collections\/gifts","banner1_link_text_3l2b":"View now","banner_align_1_3l2b":"center","banner2_title_3l2b":"FINAL SALE!","banner2_text_3l2b":"Up to 40% off on all items","banner2_link_3l2b":"shopify:\/\/collections\/dogs","banner_style_2_3l2b":"type-1","banner_position_vertical_2_3l2b":"center","banner_position_horizontal_2_3l2b":"center"}},"7944116a-ea1c-4417-8136-2b52bc2d1c38":{"type":"product-list","settings":{"heading":"Sale","collection":"baked-goods","products_to_show":4,"columns_desktop":4,"image_ratio":"adapt","show_vendor":false,"horizontal_class":false,"width_default_menu":0,"width_custom_menu":100,"count_default_menu":4}},"d196b1af-f8eb-4b8e-bc4b-a41e13e16399":{"type":"bloglist","settings":{"heading":"Blog","blog":"blog","time_author":true,"blog_limit":3,"blog_align":"center","width_default_menu":0,"width_custom_menu":100,"count_default_menu":4}},"2b8d4def-86a3-4db2-b169-61462ff84c57":{"type":"2linklists-2banners","settings":{"heading":"Catalog","links_1":"catalogue","links_2":"footer","show_title":false,"banner1_img":"shopify:\/\/shop_images\/rose_flavoured_boiled_sweets_3.png","banner1_title":"NEW","banner1_link":"shopify:\/\/collections","banner_style_1":"type-1","banner_position_vertical_1":"center","banner_position_horizontal_1":"center","banner2_img":"shopify:\/\/shop_images\/rhubarb_and_custard_boiled_sweets_2.png","banner2_title":"SALE 50% OFF","banner2_link":"shopify:\/\/collections\/all","banner_style_2":"type-1","banner_position_vertical_2":"center","banner_position_horizontal_2":"center"}}},"block_order":["fcd85f23-97fd-4cc4-bf30-08d261eb4092","08844dbb-7072-49ea-afeb-bd19177b1d12","7944116a-ea1c-4417-8136-2b52bc2d1c38","d196b1af-f8eb-4b8e-bc4b-a41e13e16399","2b8d4def-86a3-4db2-b169-61462ff84c57"],"settings":{"page_width":1500,"enable_full":false,"color_scheme":"scheme-f2a9b0b0-07c3-48e2-9821-2b2cc85489ee","sub_color_scheme":"background-1","enable_inverse_logo":false,"enable_transparent":false,"transparent_text":"#ffffff","hover_background":"#ffffff","hover_background_gradient":"","hover_text":"#222222","transparent_logo":"inverse","transparent_hover_logo":"standard","logo_position":"middle-left-center","menu":"main-menu","hover_menu":true,"menu_type_desktop":"dropdown","sticky_header_type":"on-scroll-up","show_line_separator":true,"search_style":"toggle","enable_country_selector":false,"enable_language_selector":false,"local_selector_topbar":true,"show_account_text":false,"reverse_account_text":false,"show_wishlist_text":false,"reverse_wishlist_text":false,"show_search_text":false,"reverse_search_text":false,"show_cart_text":false,"reverse_cart_text":true,"mobile_logo_position":"center","margin_bottom":0,"social_style":"color","padding_top":28,"padding_bottom":28}}},"order":["announcement-bar","ec4645fe-cc6a-44d0-8e8c-c76a9fba1bc4","header"]}